,Genre,Responsable_secondaire,Orphelin,Confession,Ecole_secondaire,Option_secondaire,Grade_examen_Etat,Province_secondaire,Age_fin_secondaire,Etude_cours_secondaire,Vouloir_devenir_avant_universite,Respo_oriention_departement,Aimer_departement,Annee_reposAvantUniversite,Age_adm_Universite,Nature_universite,Type_institution,Province_universite,Respo_universitaire,Niveau,Refaitre_sixieme_secondaire,Competence_math,Competence_physique,Competence_biologie,Competence_chimie,Competence_informatique,Competence_Dessin,Domaine_Universite
0,0,0.0,0,0.0,0,0,0.0,0.0,3.0,0,0,0,0,0.0,2.5,0.0,0,0.0,0,2,0,2,1.0,1.0,1.0,2,1,0
1,0,1.0,1,1.0,1,1,0.0,0.0,3.0,1,11,0,0,0.0,2.5,1.0,1,0.0,6,2,0,2,1.0,1.0,1.0,2,1,1
2,0,1.0,1,1.0,1,1,0.0,0.0,3.0,1,11,0,0,0.0,2.5,1.0,1,0.0,6,2,0,2,1.0,1.0,1.0,2,1,1
3,0,2.0,1,0.0,5,0,0.0,0.0,3.0,2,1,0,0,0.0,2.5,1.0,1,0.0,0,2,1,2,1.0,1.0,1.0,2,1,0
4,0,1.0,0,0.0,0,2,0.0,0.0,3.0,0,11,0,0,2.0,2.5,1.0,1,0.0,1,1,0,0,1.0,1.0,1.0,1,1,0
5,0,6.0,1,0.0,5,1,0.0,3.0,4.0,2,1,0,0,2.5,2.5,1.0,0,1.0,6,2,1,1,1.0,1.0,1.0,0,1,2
6,1,1.0,0,0.0,0,0,0.0,0.0,1.0,0,0,0,0,0.0,2.0,0.0,0,0.0,1,2,0,1,1.0,1.0,1.0,2,2,0
7,0,5.0,1,1.0,0,0,0.0,0.0,7.0,1,2,0,0,0.0,2.0,2.0,0,0.0,2,1,0,1,1.0,1.0,1.0,2,1,0
8,0,5.0,1,0.0,6,3,0.0,5.0,7.0,1,11,0,0,0.0,2.5,0.0,1,0.0,2,2,1,2,1.0,1.0,1.0,2,1,0
9,1,1.0,0,0.0,0,4,0.0,0.0,3.0,0,1,0,0,0.0,2.5,0.0,0,0.0,1,2,0,1,1.0,1.0,1.0,2,1,0
10,0,5.0,1,0.0,5,5,0.0,1.0,3.0,2,0,1,0,2.5,2.5,2.5,0,0.0,0,2,0,0,1.0,1.0,1.0,2,2,0
11,0,1.0,0,1.0,1,0,0.0,0.0,2.0,1,3,0,0,0.0,2.0,0.0,0,0.0,1,2,0,2,1.0,1.0,1.0,1,1,0
12,0,6.0,0,0.0,0,2,0.0,0.0,1.0,1,11,0,0,0.0,1.0,0.0,0,0.0,1,2,0,1,1.0,1.0,1.0,2,1,1
13,0,2.0,0,0.0,0,2,0.0,0.0,1.0,2,1,0,0,0.0,2.0,0.0,0,0.0,3,2,0,1,1.0,1.0,1.0,2,1,3
14,1,1.0,0,0.0,0,0,0.0,0.0,1.0,1,2,0,1,0.0,1.0,0.0,0,0.0,1,2,0,1,1.0,1.0,1.0,2,1,0
15,1,1.0,0,1.0,0,4,0.0,0.0,5.0,0,4,0,0,0.0,2.5,0.0,1,2.5,0,2,1,1,1.0,1.0,1.0,2,1,0
16,1,1.0,0,0.0,0,4,0.0,0.0,3.0,0,3,0,0,0.0,2.5,0.0,0,0.0,1,0,0,1,1.0,1.0,1.0,2,0,0
17,0,1.0,0,0.0,6,4,0.0,0.0,3.0,2,2,0,0,0.0,2.5,0.0,0,0.0,1,0,1,1,1.0,1.0,1.0,2,0,0
18,0,5.0,1,1.0,5,0,0.0,0.0,2.0,0,2,0,0,0.0,2.0,0.0,0,0.0,2,2,0,0,1.0,1.0,1.0,2,1,0
19,1,1.0,0,0.0,0,6,0.0,0.0,1.0,0,3,0,0,0.0,1.0,0.0,0,0.0,1,1,0,2,1.0,1.0,1.0,1,1,0
20,0,6.0,0,1.0,0,0,0.0,0.0,2.0,0,0,0,0,2.0,2.5,0.0,0,0.0,0,1,0,1,1.0,1.0,1.0,1,1,0
21,1,1.0,0,0.0,0,0,0.0,0.0,2.0,0,3,0,0,0.0,2.0,0.0,0,0.0,6,0,0,1,1.0,1.0,1.0,1,0,0
22,0,5.0,0,0.0,0,2,0.0,4.0,2.0,1,11,0,0,0.0,2.5,1.0,1,2.5,2,2,0,1,1.0,1.0,1.0,1,2,0
23,0,4.0,0,0.0,0,2,0.0,4.0,2.0,1,1,2,0,2.5,2.5,0.0,0,0.0,4,2,0,1,1.0,1.0,1.0,1,2,0
24,1,1.0,0,0.0,0,0,0.0,0.0,1.0,2,11,0,0,0.0,1.0,0.0,0,0.0,1,2,0,2,1.0,1.0,1.0,2,1,0
25,0,1.0,0,1.0,5,6,0.0,0.0,1.0,2,0,0,0,0.0,2.0,1.0,1,0.0,5,2,0,2,1.0,1.0,1.0,1,2,1
26,1,0.0,1,2.0,2,6,0.0,7.5,3.0,0,1,3,1,1.0,2.5,2.5,0,2.5,0,1,0,2,1.0,1.0,1.0,2,0,3
27,0,5.0,0,0.0,0,14,0.0,0.0,4.0,0,1,4,1,0.0,2.5,0.0,1,0.0,1,0,0,2,1.0,1.0,1.0,1,2,1
28,1,1.0,0,0.0,0,4,0.0,0.0,3.0,0,11,3,0,0.0,2.5,0.0,1,0.0,1,2,0,0,1.0,1.0,1.0,1,2,0
29,1,3.0,0,0.0,0,7,0.0,0.0,2.0,0,2,0,0,0.0,2.0,0.0,0,0.0,5,2,0,1,1.0,1.0,1.0,2,2,0
30,1,1.0,0,0.0,0,3,0.0,0.0,2.0,1,11,3,1,0.0,2.0,2.0,0,0.0,1,0,0,1,1.0,1.0,1.0,1,2,3
31,1,3.0,1,3.0,3,3,0.0,6.0,4.0,1,5,1,0,2.5,2.5,2.5,1,2.5,6,2,0,2,1.0,1.0,1.0,1,0,3
32,0,0.0,0,4.0,6,8,0.0,7.5,3.0,2,4,0,0,1.0,2.5,2.5,1,2.5,0,2,1,1,1.0,1.0,1.0,1,0,0
33,1,1.0,0,5.0,7,2,0.0,7.0,2.0,0,3,5,1,1.0,2.5,2.0,0,2.5,2,2,0,1,1.0,1.0,1.0,1,1,0
34,0,2.0,1,4.0,4,3,0.0,3.0,3.0,0,11,4,1,0.0,2.5,1.0,1,1.0,3,2,0,2,1.0,1.0,1.0,1,0,2
35,0,1.0,0,0.0,0,2,0.0,0.0,3.0,0,0,0,0,0.0,2.5,0.0,0,0.0,1,2,0,1,1.0,1.0,1.0,1,0,0
36,1,2.0,1,0.0,0,8,0.0,0.0,4.0,2,0,0,0,2.0,2.5,0.0,0,0.0,0,2,0,2,1.0,1.0,1.0,1,1,0
37,0,4.0,1,0.0,6,3,0.0,0.0,5.0,2,6,0,0,0.0,2.5,2.5,0,0.0,0,2,1,2,1.0,1.0,1.0,1,2,0
38,0,1.0,0,0.0,5,4,0.0,0.0,3.0,2,3,6,0,2.5,2.5,0.0,1,0.0,6,2,0,1,1.0,1.0,1.0,2,0,0
39,1,4.0,1,5.0,7,2,0.0,1.0,7.0,1,6,0,0,0.0,2.5,2.5,1,1.0,0,2,0,1,1.0,1.0,1.0,2,2,0
40,1,3.0,0,4.0,4,3,0.0,2.0,2.0,0,6,1,0,1.0,2.5,1.0,1,2.5,2,2,0,2,1.0,1.0,1.0,1,0,3
41,0,1.0,1,1.0,0,8,0.0,7.5,3.0,2,1,3,0,1.0,2.5,2.0,0,2.5,1,2,0,1,1.0,1.0,1.0,2,1,1
42,1,2.0,1,1.0,5,3,0.0,4.0,3.0,2,1,5,0,1.0,2.5,2.5,0,2.5,1,1,1,1,1.0,1.0,1.0,0,1,1
43,1,6.0,0,0.0,0,8,0.0,0.0,2.0,1,4,0,0,0.0,2.5,0.0,0,0.0,6,2,0,2,1.0,1.0,1.0,1,1,0
44,0,6.0,1,0.0,0,8,0.0,0.0,1.0,0,1,0,0,0.0,1.0,0.0,0,0.0,6,2,0,1,1.0,1.0,1.0,2,2,0
45,1,1.0,0,0.0,0,0,0.0,0.0,1.0,1,2,0,0,0.0,1.0,0.0,0,0.0,1,2,0,1,1.0,1.0,1.0,1,0,0
46,0,0.0,1,0.0,6,3,0.0,0.0,5.0,2,1,0,0,0.0,2.5,2.5,0,0.0,0,2,1,2,1.0,1.0,1.0,1,2,0
47,1,1.0,0,1.0,0,4,0.0,0.0,2.0,2,4,1,1,0.0,2.0,0.0,0,0.0,1,2,1,1,1.0,1.0,1.0,1,1,0
48,1,1.0,0,0.0,6,4,0.0,0.0,2.0,2,1,7,0,0.0,2.0,2.5,0,0.0,3,2,0,0,1.0,1.0,1.0,1,2,0
49,0,6.0,0,1.0,0,0,0.0,2.0,2.0,1,7,0,0,0.0,2.0,1.0,1,2.5,6,2,1,1,1.0,1.0,1.0,1,2,0
50,0,1.0,0,0.0,0,0,0.0,2.0,2.0,0,3,0,0,0.0,2.0,1.0,1,2.5,1,2,0,2,1.0,1.0,1.0,1,0,0
51,0,5.0,1,0.0,0,8,0.0,2.0,6.0,1,1,0,0,2.5,2.5,1.0,1,2.5,2,2,0,1,1.0,1.0,1.0,0,1,0
52,1,1.0,0,1.0,0,2,0.0,2.0,2.0,2,2,7,0,0.0,2.5,1.0,1,2.5,0,2,0,1,1.0,1.0,1.0,2,2,0
53,0,1.0,0,8.125,0,5,0.0,2.0,3.0,0,0,8,0,0.0,2.5,1.0,1,2.5,6,2,0,1,1.0,1.0,1.0,2,2,0
54,0,1.0,0,1.0,1,4,0.0,0.0,3.0,2,0,0,0,0.0,2.5,0.0,0,0.0,1,0,0,0,1.0,1.0,1.0,2,1,0
55,0,1.0,0,0.0,0,0,0.0,0.0,5.0,0,2,5,0,0.0,2.5,0.0,0,0.0,0,0,0,1,1.0,1.0,1.0,2,0,0
56,1,1.0,0,0.0,0,0,0.0,0.0,2.0,0,11,0,0,0.0,2.0,0.0,0,0.0,1,0,0,1,1.0,1.0,1.0,1,0,0
57,0,4.0,0,0.0,6,8,0.0,0.0,4.0,2,11,0,0,0.0,2.5,0.0,0,0.0,4,0,1,1,1.0,1.0,1.0,2,1,0
58,1,1.0,0,1.0,1,6,0.0,0.0,1.0,2,7,5,0,0.0,1.0,0.0,0,0.0,1,0,0,0,1.0,1.0,1.0,2,1,3
59,0,2.0,0,1.0,1,4,0.0,0.0,3.0,0,1,1,0,0.0,2.5,0.0,0,0.0,3,0,0,1,1.0,1.0,1.0,2,2,0
60,0,2.0,0,1.0,1,4,0.0,0.0,3.0,0,1,1,0,0.0,2.5,0.0,0,0.0,3,0,0,1,1.0,1.0,1.0,2,2,0
61,1,3.0,0,0.0,1,4,0.0,0.0,1.0,0,3,0,0,1.0,2.0,1.0,1,0.0,5,0,0,1,1.0,1.0,1.0,2,1,0
62,1,1.0,0,1.0,7,3,0.0,2.0,1.0,1,11,0,0,0.0,1.0,2.0,1,0.0,6,0,0,1,1.0,1.0,1.0,1,1,3
63,1,1.0,0,8.125,7,0,0.0,0.0,3.0,0,3,0,0,0.0,2.5,2.5,0,0.0,1,2,0,1,1.0,1.0,1.0,1,1,0
64,0,5.0,0,1.0,5,6,0.0,3.0,3.0,3,1,0,0,0.0,2.5,1.0,1,1.0,0,2,0,1,1.0,1.0,1.0,2,1,0
65,1,1.0,0,0.0,0,0,0.0,0.0,2.0,2,3,0,1,0.0,2.0,0.0,0,0.0,1,1,0,0,1.0,1.0,1.0,1,1,0
66,0,1.0,1,0.0,5,0,0.0,0.0,7.0,2,1,0,0,1.0,2.5,0.0,0,0.0,6,2,0,1,1.0,1.0,1.0,1,1,0
67,0,1.0,0,0.0,0,4,0.0,0.0,3.0,0,7,0,0,0.0,2.5,2.5,0,0.0,1,1,1,0,1.0,1.0,1.0,2,1,0
68,0,2.0,0,0.0,3,2,0.0,0.0,4.0,2,0,0,0,0.0,2.5,0.0,0,0.0,3,1,0,1,1.0,1.0,1.0,1,1,0
69,0,1.0,0,1.0,1,0,0.0,0.0,2.0,2,2,5,1,1.0,2.5,2.0,0,0.0,1,2,0,2,1.0,1.0,1.0,2,0,0
70,1,0.0,0,0.0,5,1,0.0,7.5,3.0,0,1,0,0,0.0,2.5,1.0,1,2.5,0,2,0,2,1.0,1.0,1.0,1,2,1
71,1,1.0,0,1.0,6,8,0.0,7.0,4.0,0,6,5,0,1.0,2.5,1.0,1,2.5,6,1,1,1,1.0,1.0,1.0,2,2,1
72,1,3.0,1,5.0,0,0,0.0,6.0,3.0,1,2,1,1,1.0,2.5,1.0,1,2.5,5,2,0,2,1.0,1.0,1.0,1,2,1
73,0,6.0,0,6.0,2,7,0.0,7.5,2.0,0,0,6,1,0.0,2.0,2.5,0,2.5,6,1,0,1,1.0,1.0,1.0,2,1,0
74,0,1.0,1,0.0,0,4,0.0,0.0,5.0,0,0,0,0,0.0,2.5,0.0,0,0.0,3,1,0,1,1.0,1.0,1.0,2,0,0
75,0,6.0,0,5.0,0,0,0.0,1.0,3.0,0,3,0,0,0.0,2.5,0.0,1,2.5,0,1,0,1,1.0,1.0,1.0,1,2,1
76,0,5.0,1,7.0,4,6,0.0,4.0,4.0,1,8,7,1,2.0,2.5,1.0,1,2.5,6,2,1,2,1.0,1.0,1.0,1,1,1
77,1,1.0,0,0.0,6,3,0.0,7.5,3.0,0,7,0,0,1.0,2.5,2.5,0,2.5,0,0,0,1,1.0,1.0,1.0,1,1,3
78,1,1.0,0,1.0,6,8,0.0,7.0,4.0,2,8,3,1,1.0,2.5,2.5,0,2.5,2,2,0,1,1.0,1.0,1.0,1,0,3
79,1,1.0,0,0.0,0,1,0.0,3.0,3.0,0,5,0,0,0.0,2.5,1.0,0,1.0,2,2,0,2,1.0,1.0,1.0,0,0,2
80,0,1.0,0,0.0,0,8,0.0,2.0,5.0,1,1,0,0,2.5,2.5,1.0,1,1.0,1,0,0,1,1.0,1.0,1.0,2,2,0
81,0,2.0,1,0.0,5,2,0.0,3.0,3.0,0,9,0,0,2.5,2.5,1.0,1,1.0,3,2,0,1,1.0,1.0,1.0,1,0,3
82,1,3.0,1,1.0,6,3,0.0,0.0,3.0,1,1,3,0,1.0,2.5,2.5,1,2.5,2,1,0,1,1.0,1.0,1.0,0,0,3
83,0,1.0,0,0.0,0,2,0.0,0.0,2.0,0,11,0,0,2.0,2.5,1.0,1,0.0,1,0,0,1,1.0,1.0,1.0,0,0,0
84,0,4.0,0,4.0,6,0,0.0,7.5,4.0,1,7,2,1,2.5,2.5,2.5,1,2.5,2,2,0,1,1.0,1.0,1.0,1,0,0
85,1,1.0,0,8.125,6,14,0.0,3.0,3.0,3,10,3,0,2.5,2.5,2.5,1,1.0,6,2,0,2,1.0,1.0,1.0,1,2,2
86,1,6.0,0,0.0,0,5,0.0,0.0,2.0,0,2,1,1,0.0,2.0,0.0,0,0.0,6,2,0,1,1.0,1.0,1.0,1,1,0
87,0,1.0,0,1.0,1,8,0.0,0.0,7.0,1,1,0,0,2.5,2.5,0.0,0,0.0,6,2,0,1,1.0,1.0,1.0,2,1,0
88,0,2.0,1,8.125,0,2,0.0,0.0,7.0,1,1,0,0,0.0,2.5,0.0,0,0.0,3,2,0,1,1.0,1.0,1.0,2,1,0
89,1,1.0,0,0.0,0,0,0.0,0.0,2.0,0,11,0,0,0.0,2.0,0.0,0,0.0,6,2,0,1,1.0,1.0,1.0,2,0,0
90,1,1.0,1,0.0,4,9,0.0,0.0,4.0,2,7,5,0,0.0,2.5,0.0,0,0.0,1,2,0,1,1.0,1.0,1.0,2,2,0
91,1,1.0,1,0.0,0,0,0.0,0.0,7.0,2,1,1,0,2.0,2.5,0.0,0,0.0,6,2,1,1,1.0,1.0,1.0,1,1,0
92,1,6.0,0,5.0,6,5,0.0,7.5,3.0,0,2,0,0,2.5,2.5,2.5,0,2.5,5,1,0,2,1.0,1.0,1.0,1,2,1
93,0,5.0,0,8.0,4,4,0.0,4.0,4.0,3,7,1,1,2.0,2.5,2.5,1,2.5,2,1,0,1,1.0,1.0,1.0,2,2,1
94,1,0.0,0,6.0,2,9,0.0,1.0,7.0,0,9,3,1,2.5,2.5,2.5,1,1.0,6,1,0,2,1.0,1.0,1.0,2,2,1
95,1,1.0,1,8.125,7,4,0.0,7.5,7.0,0,1,3,0,2.5,2.5,1.0,1,2.5,2,2,0,2,1.0,1.0,1.0,1,2,1
96,1,0.0,1,6.0,6,6,0.0,3.0,5.0,0,8,6,0,2.0,2.5,2.5,1,1.0,6,1,0,2,1.0,1.0,1.0,2,2,1
97,0,0.0,1,5.0,5,1,0.0,7.5,5.0,1,9,3,1,2.0,2.5,2.5,1,2.5,0,1,0,1,1.0,1.0,1.0,2,2,1
98,0,6.0,0,6.0,6,8,0.0,6.0,4.0,1,11,1,1,2.0,2.5,2.0,1,2.5,0,1,0,1,1.0,1.0,1.0,2,1,1
99,1,2.0,1,1.0,6,1,0.0,0.0,1.0,0,6,0,0,1.0,2.0,1.0,0,1.0,0,1,0,2,1.0,1.0,1.0,1,2,1
100,1,1.0,0,0.0,0,0,0.0,0.0,3.0,0,3,3,1,0.0,2.5,0.0,0,0.0,1,1,0,1,1.0,1.0,1.0,1,1,0
101,1,2.0,0,0.0,0,1,0.0,0.0,1.0,0,11,1,1,0.0,2.0,1.0,0,0.0,5,2,0,1,1.0,1.0,1.0,0,1,2
102,0,1.0,0,0.0,6,2,0.0,7.5,7.0,0,8,5,0,0.0,2.5,2.5,0,2.5,3,0,0,0,1.0,1.0,1.0,2,0,1
103,0,6.0,0,0.0,0,14,0.0,3.0,7.0,1,6,1,0,0.0,2.5,1.0,1,2.5,0,0,1,2,1.0,1.0,1.0,1,2,2
104,1,2.0,1,0.0,5,0,0.0,0.0,2.0,0,1,0,0,1.0,2.5,0.0,0,0.0,6,0,0,1,1.0,1.0,1.0,2,1,0
105,0,6.0,1,0.0,0,8,0.0,0.0,1.0,1,0,0,0,0.0,1.0,0.0,0,0.0,6,2,0,1,1.0,1.0,1.0,2,2,0
106,1,5.0,1,0.0,0,8,0.0,0.0,2.0,1,0,0,0,1.0,2.5,1.0,1,0.0,6,2,0,1,1.0,1.0,1.0,1,2,0
107,0,1.0,0,1.0,0,6,0.0,7.5,2.0,1,1,5,0,0.0,2.5,1.0,0,2.5,0,0,0,1,1.0,1.0,1.0,1,1,1
108,0,4.0,1,0.0,0,6,0.0,0.0,3.0,1,1,0,0,0.0,2.5,1.0,1,0.0,4,2,1,1,1.0,1.0,1.0,1,2,1
109,0,1.0,0,0.0,5,8,0.0,0.0,3.0,1,11,0,0,1.0,2.5,1.0,1,0.0,1,2,0,1,1.0,1.0,1.0,2,2,0
110,0,4.0,0,5.0,5,8,0.0,7.5,3.0,0,1,0,0,0.0,2.5,1.0,1,2.5,1,0,0,1,1.0,1.0,1.0,1,2,0
111,0,1.0,0,1.0,1,7,0.0,0.0,6.0,0,1,0,0,0.0,2.5,1.0,1,0.0,1,2,0,1,1.0,1.0,1.0,2,1,0
112,1,1.0,0,4.0,5,5,0.0,0.0,6.0,1,1,4,0,1.0,2.5,1.0,1,0.0,1,2,0,2,1.0,1.0,1.0,2,2,0
113,0,1.0,0,0.0,0,6,0.0,0.0,7.0,0,1,0,0,0.0,2.5,0.0,0,0.0,1,2,0,1,1.0,1.0,1.0,2,1,0
114,0,4.0,1,0.0,5,1,0.0,2.0,7.0,0,0,0,0,2.5,2.5,1.0,1,0.0,4,2,0,1,1.0,1.0,1.0,2,1,0
115,0,2.0,0,1.0,0,2,0.0,3.0,6.0,0,0,0,0,2.0,2.5,1.0,1,0.0,0,2,1,1,1.0,1.0,1.0,1,1,2
116,1,2.0,0,0.0,0,7,0.0,0.0,7.0,3,0,0,0,2.0,2.5,0.0,1,2.5,1,2,0,0,1.0,1.0,1.0,2,2,0
117,0,1.0,1,8.125,6,8,0.0,7.5,3.0,1,2,0,0,1.0,2.0,2.5,0,0.0,3,2,0,1,1.0,1.0,1.0,2,1,0
118,0,1.0,0,0.0,0,14,0.0,0.0,2.0,0,1,0,0,0.0,2.5,1.0,1,0.0,1,0,0,1,1.0,1.0,1.0,1,2,1
119,0,6.0,0,2.0,6,8,0.0,0.0,4.0,2,11,0,0,1.0,2.5,1.0,1,0.0,6,2,0,0,1.0,1.0,1.0,2,1,0
120,1,4.0,0,8.125,0,10,0.0,3.0,5.0,2,1,0,0,2.0,2.5,1.0,1,1.0,1,2,1,2,1.0,1.0,1.0,1,2,1
121,0,5.0,1,1.0,6,7,0.0,0.0,1.0,0,11,0,0,0.0,2.0,2.5,0,1.0,2,1,0,2,1.0,1.0,1.0,1,1,1
122,1,0.0,1,5.0,5,1,0.0,7.5,2.0,0,10,3,0,0.0,2.0,1.0,1,1.0,2,1,0,2,1.0,1.0,1.0,2,2,2
123,1,0.0,1,1.0,6,3,0.0,1.0,4.0,0,9,5,0,1.0,2.5,2.5,1,2.5,0,2,0,1,1.0,1.0,1.0,2,1,0
124,1,1.0,1,4.0,2,2,0.0,6.0,2.0,1,8,5,0,0.0,2.0,1.0,1,2.5,2,1,0,1,1.0,1.0,1.0,2,1,0
125,0,0.0,1,5.0,7,8,0.0,7.5,3.0,0,3,0,0,2.5,2.5,2.5,1,2.5,0,2,1,1,1.0,1.0,1.0,1,2,1
126,1,3.0,1,5.0,6,11,0.0,4.0,3.0,3,11,5,1,1.0,2.5,2.5,1,2.5,2,1,0,1,1.0,1.0,1.0,1,0,3
127,0,3.0,0,6.0,0,3,0.0,6.0,5.0,2,0,7,1,2.0,2.5,0.0,1,2.5,3,1,0,2,1.0,1.0,1.0,0,0,3
128,1,2.0,0,1.0,5,3,0.0,6.0,1.0,0,3,6,0,1.0,2.0,2.5,1,2.5,3,1,0,2,1.0,1.0,1.0,1,1,1
129,0,5.0,0,7.0,6,0,0.0,3.0,3.0,0,9,6,1,1.0,2.5,2.5,1,2.5,0,1,0,1,1.0,1.0,1.0,1,1,1
130,1,2.0,1,0.0,0,2,0.0,0.0,2.0,0,9,5,0,0.0,2.0,0.0,0,1.0,2,2,0,1,1.0,1.0,1.0,1,1,3
131,1,2.0,1,1.0,6,3,0.0,7.5,2.0,2,3,0,0,1.0,2.5,2.5,1,1.0,6,2,1,1,1.0,1.0,1.0,1,1,0
132,1,1.0,0,0.0,5,6,0.0,6.0,3.0,0,6,3,0,1.0,2.5,1.0,1,1.0,0,1,0,1,1.0,1.0,1.0,0,2,1
133,0,2.0,0,8.125,7,12,0.0,7.5,2.0,1,10,3,0,1.0,2.5,0.0,0,2.5,5,1,0,2,1.0,1.0,1.0,2,1,1
134,1,1.0,0,0.0,0,0,0.0,0.0,2.0,1,7,0,0,1.0,2.5,0.0,0,2.5,0,2,0,1,1.0,1.0,1.0,2,2,0
135,1,3.0,1,6.0,6,3,0.0,0.0,3.0,2,11,5,1,1.0,2.5,2.5,0,2.5,2,1,1,1,1.0,1.0,1.0,1,0,3
136,1,1.0,0,1.0,1,8,0.0,0.0,1.0,2,1,0,0,0.0,2.0,0.0,0,0.0,1,2,0,1,1.0,1.0,1.0,2,2,0
137,0,3.0,1,1.0,6,0,0.0,7.5,3.0,2,7,8,0,0.0,2.5,2.5,1,2.5,0,1,1,1,1.0,1.0,1.0,1,1,0
138,0,6.0,0,4.0,6,9,0.0,3.0,7.0,3,4,3,0,0.0,2.5,2.5,1,1.0,2,1,0,2,1.0,1.0,1.0,2,2,1
139,1,5.0,1,1.0,5,1,0.0,7.5,2.0,2,11,4,0,1.0,2.5,2.5,1,2.5,0,2,0,1,1.0,1.0,1.0,1,1,3
140,0,5.0,0,8.125,7,9,0.0,0.0,3.0,1,1,6,0,1.0,2.5,1.0,0,1.0,6,2,0,2,1.0,1.0,1.0,2,2,1
141,0,5.0,0,8.0,0,9,0.0,7.5,2.0,1,2,4,1,0.0,2.0,1.0,0,2.5,5,0,1,2,1.0,1.0,1.0,1,1,1
142,1,0.0,0,4.0,0,0,0.0,0.0,4.0,1,3,5,1,2.0,2.5,2.0,1,1.0,0,0,1,2,1.0,1.0,1.0,1,1,2
143,1,5.0,0,5.0,4,3,0.0,6.0,2.0,0,6,5,1,0.0,2.0,2.0,0,2.5,3,0,1,2,1.0,1.0,1.0,2,1,3
144,1,0.0,1,8.0,5,6,0.0,7.5,2.0,1,2,7,0,1.0,2.5,1.0,0,2.5,6,0,1,1,1.0,1.0,1.0,1,1,1
145,0,3.0,1,5.0,5,1,0.0,7.0,5.0,0,4,5,0,2.0,2.0,2.0,0,2.5,0,0,1,0,1.0,1.0,1.0,1,1,1
146,1,3.0,1,6.0,6,3,0.0,1.0,5.0,0,2,5,0,2.0,2.0,1.0,0,1.0,6,2,0,1,1.0,1.0,1.0,1,1,1
147,0,0.0,1,0.0,6,9,0.0,7.5,2.0,0,11,0,0,2.5,2.5,2.5,0,2.5,0,1,1,1,1.0,1.0,1.0,1,1,1
148,1,5.0,0,3.0,3,11,0.0,7.5,4.0,2,11,3,0,0.0,2.5,0.0,0,2.5,2,0,1,0,1.0,1.0,1.0,1,1,1
149,1,3.0,1,1.0,6,1,0.0,1.0,1.0,0,1,5,0,2.0,2.5,1.0,0,2.5,0,1,1,1,1.0,1.0,1.0,2,2,1
150,0,4.0,1,8.125,7,2,0.0,0.0,1.0,0,5,1,1,2.5,2.5,2.5,0,1.0,6,2,0,1,1.0,1.0,1.0,2,2,1
151,0,1.0,0,7.0,5,8,0.0,6.0,2.0,0,4,6,1,1.0,2.5,1.0,1,2.5,2,2,0,2,1.0,1.0,1.0,1,1,0
152,0,5.0,0,1.0,4,3,0.0,1.0,4.0,3,7,7,1,2.0,2.0,2.5,1,2.5,2,2,1,1,1.0,1.0,1.0,2,2,1
153,0,6.0,0,8.0,1,4,0.0,0.0,3.0,1,1,6,1,0.0,2.5,1.0,1,1.0,6,2,0,2,1.0,1.0,1.0,1,0,2
154,0,4.0,0,2.0,2,1,0.0,5.0,2.0,0,8,7,0,0.0,2.0,2.5,1,2.5,0,2,0,2,1.0,1.0,1.0,2,2,2
155,0,0.0,1,1.0,5,1,0.0,1.0,2.0,3,3,4,1,1.0,2.5,2.5,1,1.0,4,1,0,2,1.0,1.0,1.0,0,0,2
156,1,5.0,0,5.0,6,1,0.0,0.0,2.0,1,1,3,1,0.0,2.0,1.0,1,1.0,6,2,0,2,1.0,1.0,1.0,1,0,2
157,1,1.0,0,8.125,2,3,0.0,7.0,4.0,0,4,6,0,0.0,2.5,2.5,0,2.5,0,1,1,2,1.0,1.0,1.0,0,0,2
158,1,1.0,1,6.0,6,2,0.0,0.0,2.0,0,1,6,0,1.0,2.5,1.0,1,0.0,3,0,1,2,1.0,1.0,1.0,1,0,2
159,1,3.0,1,0.0,0,1,0.0,6.0,1.0,3,0,3,1,1.0,2.5,0.0,0,1.0,2,1,1,1,1.0,1.0,1.0,1,1,2
160,0,2.0,1,1.0,5,3,0.0,7.0,2.0,0,3,3,0,2.0,2.5,2.0,0,2.5,2,1,0,2,1.0,1.0,1.0,2,1,2
161,0,3.0,1,0.0,5,1,0.0,7.5,0.0,2,1,0,0,0.0,2.0,1.0,0,2.5,1,0,1,2,1.0,1.0,1.0,0,0,2
162,0,1.0,1,0.0,5,1,0.0,7.5,2.0,0,1,0,0,0.0,2.0,1.0,0,2.5,1,0,1,2,1.0,1.0,1.0,1,0,2
163,0,3.0,1,4.0,0,1,0.0,1.0,3.0,1,3,5,1,1.0,2.5,0.0,0,1.0,2,1,0,2,1.0,1.0,1.0,0,0,2
164,1,1.0,1,7.0,3,3,0.0,3.0,2.0,0,1,6,1,0.0,2.0,2.5,1,0.0,6,1,0,2,1.0,1.0,1.0,1,1,2
165,1,6.0,0,0.0,0,4,0.0,0.0,2.0,2,0,0,0,0.0,2.0,0.0,0,0.0,6,1,0,0,1.0,1.0,1.0,2,1,0
166,1,1.0,0,0.0,0,4,0.0,0.0,2.0,2,1,0,0,0.0,2.0,0.0,0,0.0,1,1,0,1,1.0,1.0,1.0,2,2,0
167,1,1.0,0,1.0,0,4,0.0,0.0,2.0,2,1,0,0,0.0,2.0,0.0,0,0.0,1,1,1,1,1.0,1.0,1.0,1,1,0
168,1,0.0,0,8.125,2,4,0.0,1.0,2.0,0,2,0,0,0.0,2.0,2.5,0,0.0,0,1,0,1,1.0,1.0,1.0,2,1,0
169,0,1.0,1,0.0,0,0,0.0,0.0,3.0,2,2,0,0,0.0,2.5,0.0,0,0.0,3,1,0,1,1.0,1.0,1.0,2,1,0
170,1,1.0,0,0.0,5,0,0.0,0.0,2.0,2,5,2,0,0.0,2.5,0.0,0,0.0,1,1,0,1,1.0,1.0,1.0,2,2,0
171,1,1.0,0,0.0,5,0,0.0,0.0,2.0,2,1,0,0,0.0,2.5,0.0,0,0.0,1,1,0,1,1.0,1.0,1.0,1,2,0
172,1,6.0,0,0.0,6,0,0.0,0.0,3.0,2,0,0,0,0.0,2.5,0.0,0,0.0,1,1,0,0,1.0,1.0,1.0,1,1,0
173,0,1.0,0,1.0,1,4,0.0,0.0,2.0,2,0,0,0,0.0,2.5,0.0,0,0.0,1,1,0,1,1.0,1.0,1.0,1,0,0
174,1,2.0,0,0.0,0,2,0.0,0.0,3.0,2,0,0,0,0.0,2.5,0.0,0,0.0,1,1,0,1,1.0,1.0,1.0,1,1,0
175,1,6.0,0,1.0,0,0,0.0,0.0,2.0,2,3,0,0,0.0,2.5,0.0,0,0.0,1,1,0,1,1.0,1.0,1.0,1,1,0
176,1,1.0,0,5.0,1,8,0.0,0.0,1.0,0,1,0,0,1.0,2.5,0.0,0,0.0,6,1,0,1,1.0,1.0,1.0,1,1,0
177,1,1.0,0,1.0,0,4,0.0,0.0,2.0,2,0,0,0,0.0,2.5,0.0,0,0.0,6,1,0,2,1.0,1.0,1.0,2,0,0
178,1,2.0,0,0.0,0,0,0.0,0.0,5.0,2,3,0,0,0.0,2.5,0.0,0,0.0,6,1,0,2,1.0,1.0,1.0,1,0,0
179,1,0.0,0,0.0,0,4,0.0,0.0,2.0,2,2,0,0,0.0,2.5,0.0,0,0.0,3,1,0,1,1.0,1.0,1.0,2,2,0
180,1,0.0,0,0.0,0,8,0.0,4.0,3.0,2,11,0,0,2.0,2.5,0.0,0,0.0,0,1,0,2,1.0,1.0,1.0,2,1,0
181,1,1.0,0,0.0,0,8,0.0,0.0,4.0,2,1,0,0,0.0,2.5,0.0,0,0.0,1,1,0,2,1.0,1.0,1.0,2,1,0
182,1,1.0,0,0.0,6,0,0.0,4.0,3.0,2,11,0,0,0.0,2.5,0.0,0,0.0,1,1,0,1,1.0,1.0,1.0,2,1,0
183,0,2.0,0,0.0,0,14,0.0,0.0,2.0,2,11,0,0,0.0,2.5,0.0,0,0.0,1,1,0,1,1.0,1.0,1.0,1,1,0
184,0,2.0,1,0.0,6,2,0.0,0.0,1.0,0,2,0,0,0.0,2.5,2.5,0,0.0,3,1,0,1,1.0,1.0,1.0,1,1,0
185,0,1.0,1,0.0,0,4,0.0,0.0,2.0,2,2,0,0,0.0,2.5,0.0,0,0.0,3,1,0,1,1.0,1.0,1.0,2,1,0
186,1,1.0,0,0.0,6,0,0.0,0.0,1.0,0,0,0,0,0.0,2.0,0.0,0,0.0,1,1,0,1,1.0,1.0,1.0,1,1,0
187,1,1.0,0,0.0,6,0,0.0,3.0,1.0,0,0,0,0,0.0,1.0,0.0,0,0.0,1,1,0,1,1.0,1.0,1.0,1,0,0
188,1,1.0,0,5.0,6,0,0.0,0.0,2.0,0,1,0,0,0.0,2.0,0.0,0,0.0,1,1,0,1,1.0,1.0,1.0,1,1,0
189,1,1.0,0,0.0,0,4,0.0,0.0,2.0,2,0,0,0,0.0,2.0,0.0,0,0.0,1,1,0,0,1.0,1.0,1.0,1,1,0
190,0,6.0,1,8.125,7,14,0.0,1.0,2.0,0,1,1,0,1.0,2.5,0.0,0,0.0,1,1,0,2,1.0,1.0,1.0,1,1,0
191,0,3.0,1,8.125,0,14,0.0,0.0,1.0,0,3,0,0,1.0,2.0,0.0,0,0.0,4,1,0,2,1.0,1.0,1.0,1,1,0
192,1,1.0,1,0.0,0,8,0.0,0.0,2.0,2,3,0,0,0.0,2.5,0.0,0,0.0,1,1,0,1,1.0,1.0,1.0,2,0,0
193,0,1.0,0,8.125,6,0,0.0,0.0,2.0,2,3,0,1,0.0,2.5,0.0,0,0.0,6,1,0,1,1.0,1.0,1.0,1,1,0
194,1,1.0,0,1.0,5,0,0.0,0.0,6.0,2,1,3,1,0.0,2.5,0.0,0,0.0,1,1,0,1,1.0,1.0,1.0,1,1,0
195,1,1.0,0,4.0,4,0,0.0,0.0,2.0,2,0,3,0,0.0,2.0,0.0,0,0.0,1,1,0,1,1.0,1.0,1.0,1,1,0
196,1,1.0,0,0.0,6,5,0.0,0.0,2.0,2,1,0,0,0.0,2.5,0.0,0,0.0,2,1,0,0,1.0,1.0,1.0,1,0,0
197,1,1.0,0,1.0,6,0,0.0,0.0,3.0,2,11,0,0,1.0,2.5,0.0,0,0.0,1,1,0,1,1.0,1.0,1.0,1,1,0
198,0,0.0,0,8.125,5,8,0.0,0.0,2.0,2,11,0,0,0.0,2.0,0.0,0,0.0,1,1,0,1,1.0,1.0,1.0,1,1,0
199,1,2.0,1,1.0,5,14,0.0,2.0,1.0,1,0,5,1,0.0,2.0,0.0,0,0.0,6,1,0,1,1.0,1.0,1.0,2,1,0
200,1,1.0,0,0.0,0,3,0.0,3.0,3.0,1,1,0,0,0.0,2.5,0.0,0,0.0,1,0,1,1,1.0,1.0,1.0,2,0,0
201,1,3.0,1,1.0,6,9,0.0,0.0,4.0,2,0,0,0,0.0,2.5,0.0,0,0.0,5,1,0,1,1.0,1.0,1.0,1,1,0
202,0,2.0,0,0.0,3,2,0.0,0.0,4.0,0,7,0,0,0.0,2.5,0.0,0,0.0,3,1,0,1,1.0,1.0,1.0,1,2,0
203,0,3.0,0,0.0,6,2,0.0,0.0,4.0,0,7,0,0,0.0,2.5,0.0,0,0.0,6,1,0,1,1.0,1.0,1.0,1,1,0
204,1,1.0,0,0.0,6,2,0.0,0.0,2.0,0,2,0,0,0.0,2.0,0.0,0,0.0,6,1,0,1,1.0,1.0,1.0,2,2,0
205,1,1.0,0,0.0,0,0,0.0,0.0,3.0,2,0,0,0,0.0,2.5,0.0,0,0.0,4,1,0,1,1.0,1.0,1.0,1,1,0
206,0,3.0,0,0.0,5,2,0.0,0.0,2.0,1,2,0,0,0.0,2.0,2.5,0,0.0,6,1,0,1,1.0,1.0,1.0,2,1,0
207,1,2.0,0,1.0,6,8,0.0,1.0,2.0,2,0,0,0,0.0,2.0,0.0,0,0.0,6,1,0,1,1.0,1.0,1.0,1,1,0
208,1,1.0,0,1.0,6,0,0.0,0.0,2.0,0,0,0,0,0.0,2.0,0.0,0,0.0,1,1,0,1,1.0,1.0,1.0,1,1,0
209,1,1.0,0,1.0,0,14,0.0,0.0,2.0,0,0,0,0,0.0,2.0,0.0,0,0.0,1,1,0,0,1.0,1.0,1.0,1,2,0
210,1,1.0,0,0.0,5,4,0.0,0.0,1.0,2,0,0,0,0.0,2.0,0.0,0,0.0,1,1,0,1,1.0,1.0,1.0,1,1,0
211,0,1.0,0,1.0,1,0,0.0,0.0,3.0,2,3,0,0,0.0,2.5,0.0,0,0.0,1,1,0,0,1.0,1.0,1.0,1,0,0
212,0,2.0,0,0.0,0,2,0.0,0.0,1.0,2,0,1,0,0.0,1.0,0.0,0,0.0,5,1,0,1,1.0,1.0,1.0,1,0,0
213,1,1.0,0,8.125,5,14,0.0,0.0,1.0,3,0,0,0,0.0,1.0,0.0,0,0.0,6,1,0,1,1.0,1.0,1.0,2,1,0
214,1,1.0,0,1.0,5,0,0.0,7.5,2.0,2,0,1,1,0.0,2.0,0.0,0,0.0,1,1,0,1,1.0,1.0,1.0,1,0,0
215,1,1.0,0,0.0,0,0,0.0,0.0,1.0,2,11,8,0,0.0,1.0,0.0,0,0.0,2,1,0,1,1.0,1.0,1.0,1,1,0
216,1,1.0,1,0.0,5,3,0.0,3.0,3.0,2,1,0,0,0.0,2.5,2.5,0,1.0,2,1,0,1,1.0,1.0,1.0,0,1,1
217,1,1.0,0,6.0,1,0,0.0,1.0,4.0,1,2,0,0,1.0,2.5,0.0,0,0.0,6,1,0,1,1.0,1.0,1.0,2,1,0
218,0,1.0,0,6.0,1,0,0.0,0.0,2.0,0,0,0,0,1.0,2.5,0.0,0,0.0,1,1,0,1,1.0,1.0,1.0,2,1,0
219,1,1.0,0,0.0,0,0,0.0,0.0,2.0,0,0,0,0,1.0,2.5,0.0,0,0.0,6,0,1,1,1.0,1.0,1.0,2,1,0
220,1,1.0,0,0.0,6,0,0.0,0.0,4.0,0,3,0,0,0.0,2.5,0.0,0,0.0,6,0,0,1,1.0,1.0,1.0,2,1,0
221,1,6.0,0,0.0,0,0,0.0,0.0,6.0,0,0,0,1,0.0,2.5,0.0,0,0.0,2,0,0,1,1.0,1.0,1.0,1,1,0
222,0,6.0,0,0.0,0,0,0.0,0.0,3.0,0,0,0,0,0.0,2.5,0.0,0,0.0,2,0,0,1,1.0,1.0,1.0,2,1,0
223,1,6.0,0,0.0,0,0,0.0,5.0,7.0,0,0,0,0,0.0,2.5,0.0,0,0.0,5,0,0,1,1.0,1.0,1.0,2,1,0
224,1,6.0,0,0.0,0,0,0.0,0.0,4.0,0,0,0,0,0.0,2.5,0.0,0,0.0,5,0,0,1,1.0,1.0,1.0,2,0,0
225,1,6.0,0,0.0,0,0,0.0,0.0,4.0,0,3,0,0,2.0,2.5,0.0,0,0.0,5,0,1,2,1.0,1.0,1.0,1,1,0
226,0,6.0,0,0.0,0,6,0.0,0.0,2.0,0,7,0,0,0.0,2.5,0.0,0,0.0,3,0,0,1,1.0,1.0,1.0,2,1,0
227,0,6.0,0,0.0,0,10,0.0,0.0,4.0,0,7,0,0,0.0,2.5,0.0,0,0.0,5,0,0,0,1.0,1.0,1.0,2,1,0
228,0,4.0,1,0.0,6,5,0.0,0.0,5.0,0,7,0,0,1.0,2.5,0.0,0,0.0,1,0,0,1,1.0,1.0,1.0,2,1,0
229,1,0.0,0,1.0,0,2,0.0,0.0,3.0,2,0,0,1,1.0,2.5,2.0,0,2.5,1,0,0,1,1.0,1.0,1.0,2,1,0
230,1,0.0,0,0.0,6,9,0.0,0.0,6.0,1,9,0,1,2.0,2.5,2.0,0,2.5,2,0,0,0,1.0,1.0,1.0,1,1,0
231,1,0.0,1,0.0,6,5,0.0,4.0,6.0,1,3,5,0,2.5,2.5,0.0,0,2.5,5,0,1,1,1.0,1.0,1.0,2,1,0
232,1,6.0,0,1.0,6,8,0.0,4.0,5.0,3,1,0,0,1.0,2.5,2.0,0,1.0,2,0,0,1,1.0,1.0,1.0,1,0,0
233,0,1.0,0,1.0,6,5,0.0,0.0,4.0,3,3,0,0,2.5,2.5,2.0,0,2.5,5,0,1,1,1.0,1.0,1.0,1,1,0
234,0,1.0,0,1.0,0,5,0.0,4.0,6.0,0,6,0,1,1.0,2.5,0.0,0,0.0,1,0,0,1,1.0,1.0,1.0,1,1,0
235,1,3.0,0,1.0,1,6,0.0,0.0,4.0,0,3,4,0,1.0,2.5,0.0,0,0.0,5,0,0,1,1.0,1.0,1.0,1,2,0
236,0,3.0,1,1.0,5,0,0.0,0.0,3.0,2,1,0,0,1.0,2.5,0.0,0,0.0,1,0,0,1,1.0,1.0,1.0,1,2,0
237,1,1.0,1,0.0,5,0,0.0,0.0,1.0,2,0,0,0,1.0,2.5,0.0,0,0.0,1,0,0,1,1.0,1.0,1.0,1,2,0
238,1,3.0,0,1.0,0,0,0.0,0.0,3.0,0,3,0,0,1.0,2.5,0.0,0,0.0,1,0,0,1,1.0,1.0,1.0,2,2,0
239,1,1.0,0,1.0,0,0,0.0,0.0,2.0,0,3,0,0,0.0,2.0,0.0,0,0.0,1,0,0,1,1.0,1.0,1.0,2,1,0
240,0,1.0,0,1.0,0,4,0.0,0.0,3.0,0,2,0,0,0.0,2.5,0.0,0,0.0,1,0,0,1,1.0,1.0,1.0,2,1,0
241,0,1.0,0,1.0,0,4,0.0,0.0,3.0,0,11,0,0,0.0,2.5,0.0,0,0.0,1,0,0,1,1.0,1.0,1.0,2,1,0
242,0,1.0,0,1.0,1,6,0.0,0.0,3.0,2,10,5,1,0.0,2.5,0.0,0,0.0,1,0,0,2,1.0,1.0,1.0,2,1,0
243,0,1.0,0,1.0,1,7,0.0,0.0,3.0,2,1,3,0,0.0,2.5,0.0,0,0.0,1,0,0,1,1.0,1.0,1.0,2,2,0
244,1,1.0,0,0.0,0,6,0.0,0.0,1.0,0,1,5,0,0.0,1.0,0.0,0,0.0,1,1,0,2,1.0,1.0,1.0,1,1,3
245,0,1.0,0,0.0,0,4,0.0,0.0,3.0,0,1,0,0,0.0,2.5,0.0,0,0.0,1,1,0,1,1.0,1.0,1.0,2,1,0
246,0,1.0,0,1.0,1,0,0.0,0.0,3.0,1,4,0,0,0.0,2.5,0.0,0,0.0,1,0,0,2,1.0,1.0,1.0,2,2,0
247,0,1.0,0,1.0,0,0,0.0,0.0,3.0,2,0,0,0,0.0,2.0,0.0,0,0.0,1,0,1,2,1.0,1.0,1.0,2,0,0
248,0,1.0,0,1.0,0,3,0.0,0.0,1.0,2,1,0,0,0.0,1.0,0.0,0,0.0,1,0,0,0,1.0,1.0,1.0,0,0,0
249,0,1.0,0,2.0,5,4,0.0,0.0,2.0,0,0,5,0,0.0,2.0,0.0,0,0.0,1,0,0,1,1.0,1.0,1.0,1,0,0
250,1,1.0,0,1.0,2,7,0.0,0.0,3.0,2,3,4,0,0.0,2.0,0.0,0,0.0,1,0,0,1,1.0,1.0,1.0,1,1,0
251,1,1.0,0,0.0,0,10,0.0,0.0,1.0,0,0,0,0,0.0,2.0,0.0,0,0.0,6,0,0,1,1.0,1.0,1.0,1,0,0
252,0,1.0,1,0.0,5,0,0.0,0.0,2.0,1,0,5,0,0.0,2.0,0.0,0,0.0,0,0,0,1,1.0,1.0,1.0,0,2,0
253,1,1.0,1,0.0,0,0,0.0,4.0,2.0,0,1,0,0,0.0,2.0,0.0,0,0.0,1,0,0,1,1.0,1.0,1.0,1,0,0
254,0,2.0,0,0.0,0,0,0.0,0.0,1.0,0,3,0,0,0.0,2.0,0.0,0,0.0,1,0,0,1,1.0,1.0,1.0,0,0,0
255,0,5.0,0,4.0,0,8,0.0,0.0,3.0,0,10,0,0,1.0,2.5,2.5,0,0.0,5,0,0,0,1.0,1.0,1.0,1,1,0
256,0,2.0,1,1.0,6,6,0.0,4.0,1.0,0,1,3,0,0.0,1.0,0.0,0,2.5,2,2,0,2,1.0,1.0,1.0,2,2,0
257,1,3.0,1,5.0,4,11,0.0,2.0,4.0,1,11,3,0,1.0,2.5,2.5,1,2.5,5,1,1,1,1.0,1.0,1.0,1,1,3
258,1,4.0,0,2.0,1,4,0.0,7.5,2.0,0,9,7,0,1.0,2.5,2.5,0,0.0,0,2,0,1,1.0,1.0,1.0,1,2,1
259,1,3.0,1,1.0,6,9,0.0,4.0,2.0,0,0,0,1,2.0,2.5,2.5,1,2.5,5,1,1,2,1.0,1.0,1.0,1,1,2
260,0,6.0,0,0.0,0,6,0.0,0.0,2.0,0,1,0,0,0.0,2.0,1.0,1,0.0,1,0,1,1,1.0,1.0,1.0,0,2,1
261,1,3.0,1,1.0,1,0,0.0,0.0,3.0,2,7,1,1,1.0,2.5,1.0,1,0.0,5,0,1,1,1.0,1.0,1.0,1,0,1
262,0,2.0,0,0.0,5,8,0.0,0.0,2.0,0,8,1,0,0.0,2.0,1.0,0,0.0,1,0,0,1,1.0,1.0,1.0,1,1,1
263,0,1.0,1,4.0,5,1,0.0,1.0,4.0,0,1,1,0,0.0,2.5,1.0,1,0.0,5,0,0,2,1.0,1.0,1.0,1,1,1
264,1,1.0,1,0.0,0,14,0.0,2.0,2.0,0,1,1,0,0.0,2.0,1.0,1,0.0,5,1,0,0,1.0,1.0,1.0,1,2,1
265,0,1.0,0,0.0,0,14,0.0,1.0,2.0,2,1,0,0,0.0,2.0,1.0,1,0.0,2,0,0,1,1.0,1.0,1.0,2,2,1
266,0,1.0,0,0.0,5,14,0.0,0.0,2.0,2,11,0,0,0.0,2.0,1.0,1,0.0,2,0,0,1,1.0,1.0,1.0,2,2,1
267,0,2.0,0,1.0,0,14,0.0,1.0,2.0,1,1,7,0,0.0,2.0,1.0,1,0.0,2,0,0,1,1.0,1.0,1.0,2,1,1
268,1,0.0,1,0.0,0,14,0.0,0.0,2.0,2,1,0,0,0.0,2.5,1.0,1,0.0,2,2,0,1,1.0,1.0,1.0,1,1,1
269,0,2.0,1,0.0,0,14,0.0,0.0,2.0,2,1,0,0,2.0,2.5,1.0,1,0.0,2,0,0,1,1.0,1.0,1.0,2,2,1
270,0,4.0,1,0.0,5,9,0.0,0.0,4.0,2,1,0,0,0.0,2.5,1.0,1,0.0,1,2,0,1,1.0,1.0,1.0,1,1,1
271,0,1.0,0,1.0,6,9,0.0,0.0,3.0,0,1,0,0,0.0,2.5,1.0,1,0.0,0,2,0,2,1.0,1.0,1.0,2,2,1
272,0,0.0,0,0.0,0,10,0.0,0.0,3.0,0,2,0,0,0.0,2.5,1.0,1,0.0,0,0,0,1,1.0,1.0,1.0,1,1,1
273,1,1.0,0,1.0,6,2,0.0,3.0,2.0,0,11,1,0,0.0,2.5,1.0,0,0.0,5,1,0,1,1.0,1.0,1.0,2,1,1
274,0,1.0,1,2.0,6,14,0.0,0.0,2.0,2,11,0,0,0.0,2.0,1.0,1,0.0,5,2,0,1,1.0,1.0,1.0,2,2,1
275,0,1.0,0,0.0,5,14,0.0,0.0,2.0,0,6,0,0,0.0,2.5,1.0,1,0.0,1,0,0,1,1.0,1.0,1.0,2,2,1
276,1,1.0,0,0.0,0,14,0.0,0.0,2.0,0,11,0,0,0.0,2.5,1.0,1,0.0,1,1,0,1,1.0,1.0,1.0,1,1,1
277,0,1.0,0,0.0,0,1,0.0,0.0,2.0,0,11,0,0,0.0,2.0,1.0,1,0.0,1,1,0,2,1.0,1.0,1.0,1,1,1
278,0,3.0,1,0.0,6,14,0.0,0.0,3.0,0,1,0,0,1.0,2.5,1.0,1,0.0,5,0,0,1,1.0,1.0,1.0,1,2,1
279,0,0.0,0,0.0,0,1,0.0,2.0,1.0,1,1,0,0,0.0,1.0,1.0,1,2.5,1,0,0,2,1.0,1.0,1.0,2,2,1
280,0,6.0,0,0.0,6,14,0.0,0.0,3.0,0,1,0,0,0.0,2.5,1.0,1,0.0,6,0,0,0,1.0,1.0,1.0,0,1,1
281,0,0.0,0,0.0,0,14,0.0,0.0,3.0,0,1,0,0,1.0,2.0,1.0,1,0.0,0,0,0,0,1.0,1.0,1.0,2,2,1
282,0,4.0,0,0.0,0,6,0.0,1.0,6.0,0,1,0,0,2.5,2.5,1.0,1,0.0,2,0,0,2,1.0,1.0,1.0,1,1,1
283,0,0.0,0,0.0,5,14,0.0,4.0,2.0,2,1,0,0,1.0,2.5,1.0,1,0.0,0,0,0,0,1.0,1.0,1.0,1,1,1
284,0,6.0,0,8.125,5,14,0.0,4.0,2.0,1,1,0,0,0.0,2.5,1.0,1,0.0,0,0,0,2,1.0,1.0,1.0,2,2,1
285,0,2.0,1,8.125,2,14,0.0,3.0,2.0,2,1,0,0,2.5,2.5,1.0,1,0.0,0,0,0,1,1.0,1.0,1.0,1,2,1
286,0,6.0,1,0.0,1,14,0.0,0.0,2.0,2,1,0,0,1.0,2.5,1.0,1,0.0,6,0,1,2,1.0,1.0,1.0,2,1,1
287,0,1.0,0,4.0,4,14,0.0,0.0,4.0,0,9,0,0,1.0,2.0,1.0,1,0.0,6,1,1,1,1.0,1.0,1.0,1,1,1
288,0,3.0,0,1.0,0,14,0.0,0.0,1.0,0,1,0,0,1.0,2.5,1.0,1,0.0,6,2,0,0,1.0,1.0,1.0,2,1,1
289,0,2.0,0,0.0,5,6,0.0,0.0,7.0,0,1,0,1,2.5,2.5,1.0,1,0.0,2,0,0,2,1.0,1.0,1.0,1,1,1
290,0,5.0,1,0.0,0,14,0.0,0.0,6.0,2,1,0,0,1.0,2.5,1.0,1,0.0,2,0,0,1,1.0,1.0,1.0,2,2,1
291,0,1.0,0,0.0,0,14,0.0,0.0,6.0,2,1,0,0,2.0,2.5,1.0,1,0.0,2,0,0,1,1.0,1.0,1.0,1,1,1
292,0,5.0,1,1.0,0,10,0.0,0.0,3.0,2,11,0,0,0.0,2.5,1.0,1,0.0,0,0,0,2,1.0,1.0,1.0,1,1,1
293,0,1.0,1,2.0,5,14,0.0,6.0,4.0,1,2,0,0,1.0,2.5,2.5,0,1.0,2,2,0,2,1.0,1.0,1.0,2,1,1
294,1,2.0,1,3.0,3,1,0.0,7.5,3.0,1,1,4,0,0.0,2.0,2.5,1,0.0,1,1,0,1,1.0,1.0,1.0,2,1,1
295,0,0.0,0,5.0,0,1,0.0,2.0,2.0,0,9,5,0,0.0,1.0,0.0,1,0.0,1,0,0,2,1.0,1.0,1.0,2,2,1
296,1,1.0,0,2.0,2,8,0.0,4.0,4.0,1,1,3,0,0.0,2.0,2.5,1,2.5,1,0,1,2,1.0,1.0,1.0,2,2,1
297,1,4.0,0,3.0,3,5,0.0,1.0,6.0,2,1,1,0,0.0,2.5,2.5,1,2.5,1,1,0,1,1.0,1.0,1.0,1,2,1
298,0,1.0,1,0.0,0,6,0.0,0.0,4.0,0,1,0,0,2.0,2.5,1.0,1,0.0,6,0,0,0,1.0,1.0,1.0,2,2,0
299,0,1.0,0,1.0,1,14,0.0,1.0,6.0,0,1,0,0,0.0,2.5,1.0,1,0.0,6,0,0,2,1.0,1.0,1.0,1,2,1
300,0,1.0,0,1.0,1,14,0.0,0.0,2.0,0,2,0,0,0.0,2.5,1.0,1,0.0,1,0,0,1,1.0,1.0,1.0,1,2,1
301,0,1.0,0,0.0,0,14,0.0,0.0,2.0,0,2,0,0,0.0,2.5,1.0,1,0.0,1,0,0,1,1.0,1.0,1.0,2,2,1
302,0,1.0,0,0.0,5,14,0.0,0.0,2.0,2,11,0,0,0.0,2.0,1.0,1,0.0,1,0,0,1,1.0,1.0,1.0,2,2,1
303,0,1.0,0,1.0,6,14,0.0,1.0,2.0,2,1,0,0,0.0,2.5,1.0,1,0.0,0,0,0,1,1.0,1.0,1.0,2,2,1
304,0,6.0,0,0.0,5,14,0.0,0.0,1.0,0,1,0,0,2.0,2.5,1.0,1,1.0,6,2,0,1,1.0,1.0,1.0,1,0,1
305,0,6.0,0,0.0,0,4,0.0,0.0,2.0,0,1,0,0,0.0,2.5,1.0,1,0.0,0,0,0,2,1.0,1.0,1.0,1,2,1
306,0,2.0,0,4.0,2,14,0.0,0.0,7.0,0,1,0,0,0.0,2.5,1.0,1,0.0,2,1,0,0,1.0,1.0,1.0,1,2,1
307,0,2.0,1,1.0,6,14,0.0,0.0,3.0,0,1,0,0,1.0,2.5,1.0,1,0.0,3,1,0,1,1.0,1.0,1.0,2,2,1
308,0,1.0,0,0.0,0,5,0.0,0.0,3.0,0,1,0,0,0.0,2.5,1.0,1,0.0,2,0,0,1,1.0,1.0,1.0,2,1,1
309,1,1.0,0,1.0,0,3,0.0,0.0,2.0,1,1,0,0,1.0,2.5,1.0,1,0.0,6,2,1,1,1.0,1.0,1.0,2,2,1
310,1,3.0,1,0.0,0,14,0.0,0.0,1.0,0,1,0,0,0.0,2.5,2.5,1,0.0,4,2,1,1,1.0,1.0,1.0,2,2,1
311,1,1.0,0,0.0,0,1,0.0,0.0,2.0,0,1,5,0,0.0,2.5,2.5,1,0.0,4,2,0,2,1.0,1.0,1.0,1,2,1
312,1,1.0,0,0.0,0,1,0.0,0.0,2.0,1,1,5,0,0.0,2.5,1.0,1,0.0,6,2,0,2,1.0,1.0,1.0,2,2,1
313,0,2.0,0,0.0,0,1,0.0,0.0,3.0,1,1,0,0,0.0,2.5,1.0,1,2.5,4,0,0,2,1.0,1.0,1.0,1,2,1
314,0,2.0,0,0.0,6,1,0.0,2.0,2.0,0,1,5,0,0.0,2.5,2.5,1,2.5,2,0,0,1,1.0,1.0,1.0,1,2,1
315,0,1.0,0,1.0,6,1,0.0,1.0,2.0,1,1,5,0,2.0,2.5,2.5,1,2.5,6,1,1,0,1.0,1.0,1.0,1,2,1
316,0,1.0,1,1.0,5,1,0.0,1.0,1.0,2,1,5,0,1.0,2.5,2.5,1,2.5,6,1,1,0,1.0,1.0,1.0,2,2,1
317,0,1.0,0,1.0,0,14,0.0,0.0,3.0,3,1,5,0,1.0,2.5,1.0,1,0.0,1,0,0,1,1.0,1.0,1.0,2,2,1
318,0,1.0,0,0.0,1,14,0.0,0.0,4.0,3,1,5,0,0.0,2.5,1.0,1,0.0,1,0,0,1,1.0,1.0,1.0,1,2,1
319,0,1.0,0,1.0,6,5,0.0,0.0,4.0,2,0,0,0,0.0,2.5,1.0,1,0.0,1,0,0,0,1.0,1.0,1.0,2,0,1
320,0,1.0,0,1.0,6,14,0.0,0.0,4.0,2,1,0,0,0.0,2.5,1.0,1,0.0,1,0,0,1,1.0,1.0,1.0,1,2,1
321,0,1.0,0,1.0,6,14,0.0,0.0,4.0,2,1,0,0,0.0,2.5,1.0,1,0.0,1,0,0,1,1.0,1.0,1.0,2,2,1
322,0,1.0,0,1.0,6,14,0.0,0.0,2.0,2,1,0,0,0.0,2.5,1.0,1,0.0,1,0,0,1,1.0,1.0,1.0,2,2,1
323,0,1.0,0,0.0,7,14,0.0,0.0,3.0,2,1,0,0,1.0,2.5,1.0,1,0.0,6,0,0,1,1.0,1.0,1.0,1,2,1
324,0,6.0,0,4.0,1,6,0.0,0.0,4.0,2,1,0,0,2.5,2.5,1.0,1,0.0,1,0,0,1,1.0,1.0,1.0,1,2,1
325,0,1.0,0,4.0,4,14,0.0,0.0,4.0,3,1,5,0,0.0,2.5,1.0,1,0.0,1,0,1,0,1.0,1.0,1.0,1,2,1
326,0,1.0,0,0.0,0,14,0.0,0.0,4.0,3,1,5,0,0.0,2.5,1.0,1,0.0,1,0,1,0,1.0,1.0,1.0,1,1,1
327,0,1.0,0,0.0,0,14,0.0,0.0,3.0,2,1,0,0,0.0,2.5,1.0,1,0.0,5,1,0,1,1.0,1.0,1.0,2,2,1
328,0,1.0,0,5.0,0,9,0.0,0.0,3.0,3,6,0,0,0.0,2.5,1.0,1,0.0,4,2,1,1,1.0,1.0,1.0,2,2,1
329,0,0.0,0,0.0,0,14,0.0,0.0,7.0,0,2,6,1,0.0,2.5,2.5,0,2.5,1,2,0,1,1.0,1.0,1.0,2,2,1
330,0,1.0,1,0.0,6,5,0.0,1.0,2.0,2,1,1,0,0.0,2.5,2.5,0,2.5,5,2,0,0,1.0,1.0,1.0,2,1,0
331,0,6.0,0,8.125,6,14,0.0,0.0,7.0,2,1,7,0,0.0,2.5,1.0,0,0.0,1,2,0,1,1.0,1.0,1.0,1,1,1
332,0,2.0,1,0.0,5,0,0.0,0.0,4.0,2,1,0,0,1.0,2.5,2.5,0,0.0,3,0,1,1,1.0,1.0,1.0,1,2,0
333,1,1.0,1,1.0,5,1,0.0,0.0,2.0,0,1,7,0,0.0,2.5,1.0,1,0.0,6,0,0,1,1.0,1.0,1.0,1,1,1
334,0,1.0,0,2.0,5,1,0.0,0.0,4.0,2,1,2,0,0.0,2.0,1.0,0,0.0,1,0,1,0,1.0,1.0,1.0,2,2,1
335,0,2.0,0,3.0,5,1,0.0,0.0,3.0,0,1,7,0,0.0,2.5,1.0,1,0.0,3,1,1,0,1.0,1.0,1.0,2,2,1
336,1,1.0,1,2.0,5,3,0.0,0.0,3.0,0,1,7,0,0.0,2.5,2.5,1,0.0,5,1,0,1,1.0,1.0,1.0,2,2,1
337,1,1.0,1,2.0,5,3,0.0,3.0,3.0,1,1,7,0,1.0,2.5,1.0,1,0.0,5,1,1,1,1.0,1.0,1.0,1,2,1
338,1,1.0,1,3.0,0,2,0.0,3.0,2.0,1,1,7,1,1.0,2.5,1.0,0,2.5,5,0,0,2,1.0,1.0,1.0,1,2,1
339,1,3.0,1,1.0,6,6,0.0,7.5,1.0,1,9,5,1,1.0,2.0,2.5,1,2.5,2,2,0,1,1.0,1.0,1.0,1,0,3
340,1,3.0,1,3.0,5,2,0.0,0.0,7.0,2,0,1,1,2.5,2.5,2.5,1,2.5,5,0,1,1,1.0,1.0,1.0,2,1,0
341,1,1.0,0,0.0,6,0,0.0,7.5,7.0,1,3,5,1,1.0,0.0,2.5,0,2.5,0,0,0,2,1.0,1.0,1.0,1,1,0
342,0,1.0,0,0.0,0,1,0.0,0.0,3.0,0,11,8,1,0.0,2.5,0.0,0,0.0,1,1,0,1,1.0,1.0,1.0,1,1,0
343,0,3.0,0,4.0,4,8,0.0,7.5,3.0,0,2,1,0,1.0,2.5,2.5,1,1.0,5,1,0,1,1.0,1.0,1.0,1,2,3
344,1,6.0,1,1.0,2,3,0.0,7.5,2.0,1,11,3,0,1.0,2.5,2.5,1,2.5,2,1,0,2,1.0,1.0,1.0,1,2,3
345,1,4.0,0,3.0,5,3,0.0,3.0,6.0,0,11,2,0,1.0,2.5,0.0,1,0.0,4,1,1,1,1.0,1.0,1.0,1,1,3
346,0,0.0,0,2.0,5,2,0.0,1.0,3.0,0,0,3,0,0.0,2.5,2.5,0,2.5,2,2,0,1,1.0,1.0,1.0,2,2,1
347,1,1.0,0,5.0,6,9,0.0,6.0,2.0,1,11,1,1,0.0,2.0,2.5,1,2.5,5,2,0,1,1.0,1.0,1.0,2,1,0
348,1,2.0,0,5.0,6,7,0.0,6.0,2.0,0,11,1,0,1.0,2.5,2.5,1,2.5,5,1,0,2,1.0,1.0,1.0,2,1,0
349,0,0.0,0,5.0,2,9,0.0,7.0,2.0,1,9,1,1,1.0,2.5,0.0,0,1.0,6,2,0,2,1.0,1.0,1.0,1,1,0
350,1,0.0,1,5.0,6,12,0.0,4.0,4.0,1,6,3,1,0.0,2.5,1.0,1,2.5,6,2,0,2,1.0,1.0,1.0,1,1,1
351,1,5.0,0,0.0,5,14,0.0,2.0,1.0,0,1,4,0,1.0,1.0,1.0,1,2.5,3,2,0,1,1.0,1.0,1.0,1,2,0
352,0,6.0,0,0.0,0,5,0.0,0.0,2.0,3,0,7,0,0.0,2.0,1.0,1,2.5,6,2,0,0,1.0,1.0,1.0,1,1,1
353,1,3.0,1,1.0,6,12,0.0,7.5,1.0,2,9,3,1,1.0,2.0,2.5,1,2.5,2,1,0,1,1.0,1.0,1.0,1,1,1
354,1,6.0,0,2.0,2,2,0.0,3.0,2.0,1,8,7,0,1.0,2.5,1.0,0,1.0,3,2,0,2,1.0,1.0,1.0,2,2,0
355,1,0.0,0,8.0,1,9,0.0,4.0,2.0,1,6,0,1,2.0,2.5,2.5,0,2.5,2,1,1,0,1.0,1.0,1.0,1,2,1
356,1,2.0,0,4.0,0,0,0.0,0.0,1.0,0,3,7,0,0.0,2.0,0.0,0,0.0,6,2,0,2,1.0,1.0,1.0,1,1,0
357,1,0.0,1,0.0,0,2,0.0,0.0,3.0,3,1,0,0,0.0,2.5,0.0,0,0.0,2,2,1,2,1.0,1.0,1.0,1,0,0
358,0,6.0,0,5.0,7,7,0.0,4.0,2.0,0,9,0,0,1.0,2.5,1.0,1,2.5,2,1,0,1,1.0,1.0,1.0,1,1,1
359,0,3.0,1,0.0,6,1,0.0,6.0,2.0,1,1,3,1,0.0,2.0,2.5,0,2.5,2,1,0,1,1.0,1.0,1.0,1,1,1
360,1,2.0,0,1.0,5,3,0.0,7.5,2.0,0,6,5,0,0.0,2.0,2.5,1,2.5,1,1,1,1,1.0,1.0,1.0,1,0,3
361,1,5.0,1,6.0,2,3,0.0,4.0,4.0,0,2,0,0,1.0,2.5,1.0,0,2.5,2,2,0,0,1.0,1.0,1.0,1,0,3
362,1,4.0,1,4.0,6,8,0.0,6.0,5.0,0,2,2,0,0.0,2.5,2.5,1,2.5,4,2,0,1,1.0,1.0,1.0,0,0,3
363,0,1.0,0,0.0,0,2,0.0,2.0,3.0,1,8,5,0,0.0,2.5,1.0,0,2.5,2,2,1,0,1.0,1.0,1.0,1,0,3
364,1,1.0,0,5.0,5,3,0.0,3.0,2.0,0,6,7,1,0.0,2.0,0.0,0,1.0,0,2,0,0,1.0,1.0,1.0,0,0,3
365,0,0.0,1,7.0,5,0,0.0,1.0,4.0,0,1,4,0,0.0,2.0,2.5,1,2.5,1,1,0,1,1.0,1.0,1.0,1,1,1
366,0,5.0,1,5.0,6,6,0.0,7.0,3.0,0,3,7,0,1.0,2.5,0.0,0,0.0,3,1,1,1,1.0,1.0,1.0,2,2,1
367,1,0.0,1,4.0,6,1,0.0,2.0,4.0,0,1,0,0,0.0,2.5,1.0,1,2.5,1,2,1,0,1.0,1.0,1.0,1,1,1
368,1,2.0,0,4.0,6,6,0.0,5.0,2.0,0,1,0,0,0.0,2.0,2.5,1,2.5,3,1,1,0,1.0,1.0,1.0,0,0,1
369,1,5.0,1,1.0,6,3,0.0,5.0,2.0,0,0,4,0,1.0,2.5,2.5,1,2.5,0,1,1,1,1.0,1.0,1.0,1,2,1
370,1,1.0,0,0.0,0,8,0.0,2.0,2.0,1,1,5,0,0.0,2.0,0.0,0,2.5,1,2,0,1,1.0,1.0,1.0,2,1,3
371,1,1.0,0,4.0,6,13,0.0,3.0,2.0,0,1,7,0,0.0,2.0,1.0,1,1.0,3,1,0,1,1.0,1.0,1.0,2,2,1
372,1,2.0,1,1.0,0,13,0.0,2.0,4.0,0,1,6,0,0.0,2.5,2.5,1,1.0,1,1,1,1,1.0,1.0,1.0,1,2,1
373,1,1.0,0,5.0,5,13,0.0,0.0,2.0,0,1,6,0,0.0,2.0,1.0,1,0.0,1,2,1,1,1.0,1.0,1.0,1,1,1
374,0,1.0,0,1.0,1,2,0.0,1.0,0.0,3,8,0,0,2.0,2.5,1.0,0,2.5,6,1,0,1,1.0,1.0,1.0,2,0,0
375,0,0.0,0,1.0,5,13,0.0,0.0,2.0,1,1,5,0,0.0,2.0,1.0,1,0.0,1,1,0,1,1.0,1.0,1.0,2,2,1
376,0,2.0,1,0.0,7,13,0.0,2.0,3.0,0,1,4,0,1.0,2.5,2.5,1,2.5,3,1,0,1,1.0,1.0,1.0,1,2,1
377,0,6.0,1,1.0,6,6,0.0,1.0,4.0,1,1,0,0,0.0,2.5,1.0,1,0.0,2,0,0,0,1.0,1.0,1.0,1,1,1
378,1,2.0,1,5.0,5,1,0.0,7.0,7.0,3,9,4,0,0.0,2.5,2.5,0,2.5,3,2,1,0,1.0,1.0,1.0,0,1,1
379,1,1.0,0,0.0,5,1,0.0,4.0,5.0,2,2,0,0,0.0,2.5,2.5,1,2.5,2,2,0,0,1.0,1.0,1.0,1,1,0
380,0,1.0,0,8.125,6,13,0.0,3.0,3.0,0,1,0,0,0.0,2.5,2.5,1,1.0,2,1,1,1,1.0,1.0,1.0,1,2,1
381,0,1.0,1,0.0,0,13,0.0,0.0,2.0,0,11,0,0,1.0,2.5,1.0,1,0.0,1,1,1,1,1.0,1.0,1.0,1,2,0
382,1,0.0,0,0.0,0,13,0.0,0.0,1.0,0,1,6,1,0.0,1.0,1.0,1,0.0,1,1,0,2,1.0,1.0,1.0,2,2,1
383,0,0.0,1,0.0,6,6,0.0,1.0,3.0,0,1,0,0,1.0,2.5,0.0,0,0.0,2,0,0,1,1.0,1.0,1.0,1,2,1
384,0,1.0,1,0.0,0,3,0.0,0.0,2.0,0,1,1,0,0.0,2.0,0.0,0,0.0,3,0,0,2,1.0,1.0,1.0,1,1,1
385,0,1.0,0,0.0,0,6,0.0,0.0,2.0,1,6,0,0,0.0,2.0,0.0,0,0.0,6,0,0,2,1.0,1.0,1.0,1,1,1
386,0,2.0,0,0.0,0,13,0.0,0.0,4.0,0,1,0,0,0.0,2.5,0.0,0,0.0,1,0,0,1,1.0,1.0,1.0,2,1,1
387,1,2.0,0,5.0,1,1,0.0,6.0,7.0,0,1,3,0,1.0,2.5,2.5,0,0.0,4,0,1,1,1.0,1.0,1.0,1,2,1
388,0,1.0,0,1.0,4,14,0.0,1.0,2.0,0,1,5,0,0.0,2.0,1.0,0,0.0,4,0,0,1,1.0,1.0,1.0,1,2,1
389,0,1.0,0,1.0,0,14,0.0,1.0,3.0,1,1,5,0,0.0,2.5,2.5,1,0.0,2,0,0,2,1.0,1.0,1.0,1,2,1
390,0,0.0,1,1.0,4,8,0.0,4.0,3.0,2,11,3,0,0.0,2.5,0.0,0,0.0,3,0,0,2,1.0,1.0,1.0,1,2,1
391,0,2.0,0,0.0,4,4,0.0,0.0,3.0,0,1,3,0,0.0,2.5,0.0,0,0.0,3,0,0,2,1.0,1.0,1.0,2,2,1
392,0,2.0,0,1.0,0,10,0.0,1.0,3.0,1,1,0,0,0.0,2.5,0.0,0,0.0,6,0,0,1,1.0,1.0,1.0,1,2,1
393,0,0.0,0,1.0,1,13,0.0,0.0,3.0,1,1,0,0,2.5,2.5,0.0,0,0.0,0,0,0,1,1.0,1.0,1.0,1,1,1
394,0,2.0,1,0.0,0,6,0.0,0.0,3.0,0,1,0,0,0.0,2.5,0.0,0,0.0,3,0,0,1,1.0,1.0,1.0,1,1,1
395,0,2.0,1,1.0,1,5,0.0,0.0,3.0,2,1,0,1,0.0,2.5,0.0,0,0.0,3,0,0,1,1.0,1.0,1.0,2,2,1
396,1,1.0,0,0.0,0,10,0.0,0.0,2.0,2,1,5,0,0.0,2.5,0.0,0,0.0,1,0,0,1,1.0,1.0,1.0,1,1,1
397,1,1.0,0,0.0,1,1,0.0,0.0,3.0,2,1,0,0,0.0,2.5,0.0,0,0.0,1,0,1,1,1.0,1.0,1.0,1,1,1
398,0,0.0,1,0.0,6,6,0.0,1.0,3.0,2,1,0,0,1.0,2.5,0.0,0,0.0,0,0,0,1,1.0,1.0,1.0,1,1,1
399,0,1.0,0,1.0,7,13,0.0,0.0,4.0,2,1,0,0,0.0,2.5,0.0,0,0.0,1,0,0,1,1.0,1.0,1.0,2,2,1
400,0,1.0,0,4.0,4,10,0.0,0.0,3.0,0,1,0,0,0.0,2.5,0.0,0,0.0,0,0,0,1,1.0,1.0,1.0,0,0,1
401,0,0.0,0,0.0,0,1,0.0,0.0,2.0,2,1,0,0,0.0,2.0,0.0,0,0.0,1,0,0,1,1.0,1.0,1.0,1,1,1
402,0,1.0,0,0.0,5,6,0.0,4.0,3.0,2,1,0,0,0.0,2.5,0.0,0,0.0,1,0,0,1,1.0,1.0,1.0,1,1,1
403,0,1.0,0,1.0,0,0,0.0,0.0,3.0,2,1,0,0,0.0,2.5,0.0,0,0.0,1,0,0,0,1.0,1.0,1.0,0,1,1
404,0,0.0,0,0.0,6,0,0.0,0.0,3.0,2,1,0,0,0.0,2.5,0.0,0,0.0,5,0,0,1,1.0,1.0,1.0,0,0,1
405,0,6.0,0,1.0,0,10,0.0,0.0,3.0,0,1,4,0,0.0,2.5,0.0,0,0.0,1,0,0,0,1.0,1.0,1.0,1,2,1
406,0,0.0,0,0.0,1,13,0.0,0.0,4.0,2,1,0,0,0.0,2.5,0.0,0,0.0,6,0,0,1,1.0,1.0,1.0,1,2,1
407,0,1.0,0,1.0,1,10,0.0,0.0,4.0,1,1,0,0,0.0,2.5,0.0,0,0.0,1,0,0,0,1.0,1.0,1.0,1,0,1
408,0,6.0,0,1.0,1,4,0.0,0.0,3.0,2,1,0,0,1.0,2.5,0.0,0,0.0,1,0,0,0,1.0,1.0,1.0,1,1,1
409,1,6.0,0,0.0,0,3,0.0,0.0,1.0,1,0,0,0,0.0,1.0,0.0,1,0.0,6,2,1,2,1.0,1.0,1.0,2,2,0
410,1,1.0,0,6.0,5,1,0.0,0.0,2.0,0,1,0,0,0.0,2.0,1.0,1,1.0,1,2,0,1,1.0,1.0,1.0,1,1,1
411,0,2.0,1,1.0,0,6,0.0,1.0,4.0,1,1,0,0,0.0,2.5,1.0,1,0.0,2,0,0,1,1.0,1.0,1.0,1,1,1
412,0,1.0,0,1.0,5,6,0.0,1.0,4.0,1,1,0,0,0.0,2.5,1.0,1,0.0,0,0,0,1,1.0,1.0,1.0,1,1,1
413,0,1.0,0,1.0,6,13,0.0,0.0,4.0,1,1,0,0,1.0,2.5,1.0,1,0.0,2,0,0,0,1.0,1.0,1.0,1,2,1
414,0,4.0,0,0.0,1,13,0.0,0.0,7.0,1,1,0,0,2.5,2.5,1.0,1,0.0,4,0,1,0,1.0,1.0,1.0,2,2,1
415,0,1.0,0,0.0,5,6,0.0,0.0,4.0,1,1,0,0,1.0,2.5,1.0,1,0.0,0,0,0,0,1.0,1.0,1.0,1,2,1
416,0,1.0,1,0.0,5,6,0.0,0.0,3.0,0,1,0,0,0.0,2.5,1.0,1,0.0,1,0,0,1,1.0,1.0,1.0,2,1,1
417,0,6.0,0,1.0,0,6,0.0,1.0,4.0,0,1,0,0,0.0,2.5,1.0,1,0.0,1,0,0,1,1.0,1.0,1.0,2,1,1
418,0,1.0,0,1.0,0,13,0.0,0.0,5.0,1,1,0,0,1.0,2.5,1.0,1,0.0,1,0,0,1,1.0,1.0,1.0,1,1,1
419,0,1.0,0,1.0,0,14,0.0,0.0,3.0,0,1,0,0,1.0,2.5,1.0,1,0.0,1,0,0,1,1.0,1.0,1.0,1,1,1
420,0,1.0,0,0.0,5,6,0.0,1.0,3.0,0,1,0,0,0.0,2.5,1.0,1,0.0,1,0,0,1,1.0,1.0,1.0,1,1,1
421,0,6.0,0,0.0,5,6,0.0,0.0,3.0,0,1,0,0,0.0,2.5,1.0,1,0.0,1,0,0,1,1.0,1.0,1.0,1,1,1
422,0,1.0,1,2.0,5,8,0.0,0.0,3.0,0,1,0,0,0.0,2.5,1.0,1,0.0,1,0,0,1,1.0,1.0,1.0,1,1,1
423,1,1.0,0,1.0,6,1,0.0,0.0,4.0,0,1,0,0,0.0,2.5,1.0,1,0.0,5,0,0,1,1.0,1.0,1.0,1,1,1
424,0,3.0,1,0.0,5,6,0.0,0.0,4.0,0,1,0,0,0.0,2.5,1.0,1,0.0,1,0,0,1,1.0,1.0,1.0,1,1,1
425,0,1.0,0,0.0,5,6,0.0,4.0,3.0,0,1,0,0,0.0,2.5,1.0,1,0.0,1,0,0,1,1.0,1.0,1.0,1,1,1
426,0,2.0,1,0.0,5,6,0.0,0.0,4.0,0,1,0,0,0.0,2.5,1.0,1,0.0,6,0,0,1,1.0,1.0,1.0,1,0,1
427,0,2.0,1,0.0,5,13,0.0,1.0,4.0,0,1,0,0,1.0,2.5,1.0,1,0.0,6,0,0,1,1.0,1.0,1.0,1,1,1
428,0,1.0,0,0.0,5,6,0.0,0.0,4.0,0,1,0,0,0.0,2.5,1.0,1,0.0,1,0,0,1,1.0,1.0,1.0,2,1,1
429,0,6.0,0,0.0,5,13,0.0,4.0,3.0,0,1,0,0,0.0,2.5,1.0,1,0.0,6,0,0,1,1.0,1.0,1.0,1,1,1
430,0,0.0,0,0.0,1,6,0.0,0.0,4.0,1,1,0,1,1.0,2.5,1.0,1,0.0,0,0,0,0,1.0,1.0,1.0,1,1,1
431,0,6.0,0,0.0,1,6,0.0,0.0,3.0,0,11,0,0,1.0,2.5,1.0,1,0.0,6,0,0,1,1.0,1.0,1.0,2,1,1
432,0,6.0,0,1.0,6,6,0.0,0.0,4.0,2,7,0,0,0.0,2.5,1.0,1,0.0,6,0,0,1,1.0,1.0,1.0,2,2,1
433,0,1.0,0,4.0,5,13,0.0,0.0,3.0,1,1,5,0,2.5,2.5,1.0,1,0.0,1,0,0,2,1.0,1.0,1.0,1,2,1
434,0,1.0,0,0.0,5,13,0.0,0.0,2.0,0,1,5,0,0.0,2.0,1.0,1,0.0,3,0,0,1,1.0,1.0,1.0,1,2,1
435,0,2.0,1,0.0,6,13,0.0,0.0,3.0,2,0,4,1,2.5,2.5,1.0,1,0.0,3,0,0,2,1.0,1.0,1.0,0,2,1
436,0,3.0,1,1.0,0,13,0.0,0.0,4.0,1,9,1,1,0.0,2.5,1.0,1,0.0,1,0,0,2,1.0,1.0,1.0,2,2,1
437,0,1.0,0,0.0,5,13,0.0,0.0,3.0,1,1,5,0,0.0,2.5,1.0,1,0.0,1,1,0,2,1.0,1.0,1.0,2,2,1
438,0,1.0,0,3.0,6,3,0.0,0.0,2.0,0,2,0,0,1.0,2.5,2.5,1,2.5,3,2,1,2,1.0,1.0,1.0,0,1,1
439,1,1.0,1,3.0,1,4,0.0,7.0,4.0,0,3,3,0,1.0,2.5,1.0,1,2.5,3,1,0,1,1.0,1.0,1.0,1,0,1
440,1,1.0,0,4.0,0,0,0.0,5.0,4.0,0,1,6,0,0.0,2.5,1.0,1,2.5,1,2,1,1,1.0,1.0,1.0,1,1,0
441,1,1.0,1,0.0,0,6,0.0,0.0,5.0,0,1,0,0,2.5,2.5,0.0,0,0.0,0,1,1,2,1.0,1.0,1.0,1,1,0
442,0,1.0,0,1.0,0,9,0.0,0.0,2.0,1,2,7,1,0.0,2.0,0.0,0,0.0,1,1,0,2,1.0,1.0,1.0,1,1,0
443,0,1.0,0,8.125,1,5,0.0,0.0,2.0,0,1,7,0,1.0,2.5,2.5,0,0.0,6,1,1,1,1.0,1.0,1.0,1,1,0
444,0,2.0,1,0.0,0,0,0.0,0.0,4.0,2,2,0,0,0.0,2.0,0.0,0,0.0,3,1,0,1,1.0,1.0,1.0,2,1,0
445,0,1.0,0,0.0,5,1,0.0,0.0,3.0,1,1,8,0,2.0,2.5,0.0,0,0.0,6,1,0,1,1.0,1.0,1.0,1,1,0
446,1,1.0,0,1.0,6,6,0.0,0.0,4.0,0,1,8,0,2.0,2.5,0.0,0,0.0,3,0,0,1,1.0,1.0,1.0,1,1,0
447,0,2.0,0,0.0,3,5,0.0,0.0,6.0,2,3,7,0,0.0,2.5,0.0,0,0.0,3,1,0,1,1.0,1.0,1.0,1,1,0
448,1,1.0,0,0.0,6,8,0.0,0.0,2.0,1,3,0,0,0.0,2.5,0.0,0,0.0,1,0,0,1,1.0,1.0,1.0,1,1,0
449,1,2.0,0,0.0,0,0,0.0,0.0,3.0,2,0,0,0,0.0,2.5,0.0,0,0.0,1,1,0,1,1.0,1.0,1.0,2,1,0
450,1,1.0,0,0.0,0,0,0.0,0.0,3.0,2,6,1,0,0.0,2.5,0.0,0,0.0,6,0,0,0,1.0,1.0,1.0,1,1,0
451,1,6.0,0,0.0,0,0,0.0,0.0,4.0,0,6,1,0,0.0,2.5,0.0,0,0.0,6,0,0,0,1.0,1.0,1.0,1,1,0
452,1,1.0,0,1.0,6,8,0.0,0.0,4.0,0,1,0,0,0.0,2.5,0.0,0,0.0,6,2,1,1,1.0,1.0,1.0,2,1,0
453,1,1.0,0,0.0,6,0,0.0,0.0,6.0,0,1,0,0,1.0,2.5,0.0,0,0.0,1,0,1,0,1.0,1.0,1.0,1,1,0
454,1,6.0,0,4.0,6,0,0.0,0.0,3.0,2,1,0,0,0.0,2.5,0.0,0,2.5,0,1,0,1,1.0,1.0,1.0,1,1,0
455,0,2.0,1,0.0,5,1,0.0,0.0,2.0,1,3,0,0,0.0,2.0,0.0,0,0.0,3,2,0,1,1.0,1.0,1.0,2,2,0
456,1,2.0,0,0.0,5,0,0.0,7.5,2.0,0,6,3,0,1.0,2.5,1.0,1,2.5,0,2,0,1,1.0,1.0,1.0,0,1,1
457,0,1.0,0,0.0,0,3,0.0,0.0,3.0,0,11,0,0,0.0,2.5,1.0,1,0.0,1,0,1,1,1.0,1.0,1.0,1,1,2
458,0,1.0,0,0.0,0,3,0.0,0.0,7.0,1,2,0,0,2.5,2.5,1.0,1,0.0,6,0,0,1,1.0,1.0,1.0,1,1,2
459,0,6.0,1,0.0,0,1,0.0,0.0,4.0,1,6,0,0,2.5,2.5,1.0,1,0.0,6,0,0,1,1.0,1.0,1.0,1,1,2
460,0,2.0,0,0.0,1,1,0.0,0.0,3.0,1,11,0,0,2.5,2.5,1.0,1,0.0,1,0,1,1,1.0,1.0,1.0,1,1,2
461,1,2.0,1,0.0,0,1,0.0,0.0,1.0,0,1,0,0,2.5,2.5,1.0,1,0.0,3,0,0,1,1.0,1.0,1.0,1,1,2
462,1,6.0,0,1.0,0,1,0.0,0.0,3.0,0,11,0,0,0.0,2.5,1.0,1,0.0,6,0,0,1,1.0,1.0,1.0,1,2,2
463,1,0.0,0,0.0,0,1,0.0,7.5,3.0,1,1,5,0,1.0,2.5,1.0,1,2.5,0,1,0,1,1.0,1.0,1.0,1,1,1
464,0,5.0,1,5.0,5,3,0.0,2.0,2.0,1,11,1,0,1.0,2.5,2.5,1,1.0,0,1,0,1,1.0,1.0,1.0,0,1,1
465,0,3.0,1,1.0,6,7,0.0,6.0,4.0,1,5,0,0,1.0,2.5,0.0,0,2.5,5,2,0,2,1.0,1.0,1.0,2,1,0
466,0,2.0,0,5.0,0,7,0.0,7.5,3.0,0,10,7,0,1.0,2.0,0.0,0,2.5,3,1,0,1,1.0,1.0,1.0,2,0,0
467,1,6.0,0,2.0,2,11,0.0,4.0,2.0,0,11,5,0,2.0,2.5,2.5,0,2.5,2,1,0,1,1.0,1.0,1.0,2,2,1
468,1,3.0,1,7.0,7,3,0.0,7.5,3.0,0,6,4,0,1.0,2.5,0.0,1,2.5,6,1,0,2,1.0,1.0,1.0,1,0,3
469,0,0.0,1,5.0,5,12,0.0,7.5,4.0,1,8,7,0,2.0,2.5,0.0,1,2.5,4,1,0,2,1.0,1.0,1.0,2,1,1
470,0,3.0,0,5.0,1,9,0.0,4.0,2.0,1,0,5,0,2.0,2.5,2.5,1,2.5,2,1,0,1,1.0,1.0,1.0,2,1,0
471,0,1.0,0,1.0,6,0,0.0,0.0,1.0,0,1,5,0,0.0,2.0,1.0,1,0.0,6,0,0,2,1.0,1.0,1.0,2,2,0
472,1,1.0,1,0.0,5,4,0.0,0.0,3.0,2,3,1,0,2.0,2.5,1.0,1,0.0,1,1,1,0,1.0,1.0,1.0,2,1,2
473,0,6.0,0,0.0,4,8,0.0,0.0,4.0,0,8,0,1,0.0,2.5,2.5,1,0.0,1,0,0,0,1.0,1.0,1.0,2,2,1
474,1,1.0,0,0.0,2,8,0.0,0.0,2.0,0,11,1,0,0.0,2.5,1.0,1,0.0,1,0,0,1,1.0,1.0,1.0,1,1,2
475,0,2.0,1,4.0,1,3,0.0,0.0,2.0,0,11,1,1,0.0,2.5,1.0,1,0.0,1,0,0,1,1.0,1.0,1.0,1,1,0
476,0,1.0,0,0.0,0,3,0.0,0.0,2.0,1,11,0,0,0.0,2.0,1.0,1,0.0,1,0,0,1,1.0,1.0,1.0,1,1,2
477,0,1.0,0,1.0,1,8,0.0,0.0,2.0,1,8,4,0,0.0,2.5,1.0,1,0.0,4,2,0,1,1.0,1.0,1.0,1,1,2
478,0,1.0,0,1.0,5,3,0.0,0.0,3.0,0,11,1,0,1.0,2.5,1.0,1,0.0,4,2,0,2,1.0,1.0,1.0,1,1,2
479,0,0.0,1,0.0,0,3,0.0,0.0,3.0,0,11,0,0,2.5,2.5,1.0,1,0.0,2,2,0,1,1.0,1.0,1.0,1,1,2
480,0,5.0,1,0.0,0,3,0.0,0.0,4.0,0,6,0,0,2.0,2.5,1.0,1,0.0,6,2,1,1,1.0,1.0,1.0,1,1,2
481,0,1.0,0,0.0,0,1,0.0,0.0,1.0,2,11,5,0,0.0,1.0,1.0,1,0.0,1,2,0,2,1.0,1.0,1.0,0,2,2
482,1,1.0,0,0.0,0,8,0.0,0.0,2.0,0,11,0,0,2.5,2.5,1.0,1,0.0,6,2,0,2,1.0,1.0,1.0,0,1,2
483,0,6.0,1,8.125,1,1,0.0,0.0,4.0,1,11,0,0,0.0,2.5,1.0,1,0.0,6,2,0,2,1.0,1.0,1.0,1,2,2
484,0,1.0,1,0.0,0,8,0.0,0.0,2.0,1,6,0,0,2.5,2.5,1.0,1,0.0,6,2,0,2,1.0,1.0,1.0,1,1,2
485,1,1.0,0,0.0,0,1,0.0,0.0,7.0,0,6,0,0,1.0,2.5,1.0,1,0.0,0,2,1,2,1.0,1.0,1.0,1,2,2
486,0,6.0,0,0.0,1,8,0.0,0.0,4.0,0,11,0,0,2.5,2.5,1.0,1,0.0,0,2,0,2,1.0,1.0,1.0,1,2,2
487,1,1.0,0,5.0,1,8,0.0,0.0,7.0,0,6,5,0,1.0,2.5,1.0,1,0.0,6,2,1,1,1.0,1.0,1.0,1,1,2
488,1,6.0,0,8.125,1,1,0.0,0.0,3.0,0,10,8,0,1.0,2.5,1.0,1,0.0,2,2,0,2,1.0,1.0,1.0,0,0,2
489,0,1.0,0,0.0,0,7,0.0,7.5,7.0,2,1,0,0,0.0,2.5,0.0,0,0.0,1,0,0,2,1.0,1.0,1.0,1,1,1
490,0,0.0,0,1.0,0,14,0.0,7.5,4.0,2,1,5,0,0.0,2.5,0.0,0,0.0,0,0,1,1,1.0,1.0,1.0,1,1,1
491,0,1.0,0,1.0,0,6,0.0,0.0,4.0,2,1,0,0,0.0,2.5,0.0,0,0.0,1,0,0,1,1.0,1.0,1.0,2,1,1
492,0,1.0,0,0.0,0,13,0.0,0.0,5.0,0,1,0,0,1.0,2.5,0.0,0,0.0,1,0,0,1,1.0,1.0,1.0,1,2,1
493,0,5.0,0,1.0,6,4,0.0,1.0,5.0,2,1,0,0,0.0,2.5,0.0,0,0.0,0,0,0,1,1.0,1.0,1.0,1,1,0
494,0,0.0,0,6.0,6,13,0.0,7.5,6.0,2,1,0,0,0.0,2.5,0.0,0,0.0,0,0,0,1,1.0,1.0,1.0,1,1,0
495,0,2.0,0,0.0,0,6,0.0,0.0,5.0,0,1,0,0,0.0,2.5,0.0,0,0.0,3,0,0,1,1.0,1.0,1.0,1,1,1
496,1,5.0,1,5.0,0,13,0.0,7.5,4.0,1,1,7,0,0.0,2.5,2.5,1,1.0,1,2,0,1,1.0,1.0,1.0,2,2,1
497,0,0.0,0,1.0,0,3,0.0,2.0,3.0,0,1,0,1,0.0,2.5,1.0,0,2.5,3,2,0,2,1.0,1.0,1.0,1,1,1
498,0,5.0,0,5.0,3,13,0.0,7.0,3.0,1,1,0,0,2.5,2.5,2.5,0,2.5,2,2,0,2,1.0,1.0,1.0,1,0,1
499,1,2.0,0,1.0,6,6,0.0,4.0,2.0,1,1,0,1,1.0,1.0,0.0,1,2.5,3,2,0,1,1.0,1.0,1.0,1,1,1
500,0,2.0,0,0.0,0,6,0.0,0.0,2.0,0,1,0,0,0.0,2.0,0.0,0,0.0,3,0,0,2,1.0,1.0,1.0,2,1,0
501,0,1.0,0,3.0,0,0,0.0,0.0,4.0,2,1,0,0,0.0,2.5,0.0,0,0.0,1,0,0,1,1.0,1.0,1.0,2,1,1
502,0,1.0,0,0.0,0,13,0.0,0.0,5.0,2,1,1,1,0.0,2.5,0.0,0,0.0,1,0,0,1,1.0,1.0,1.0,1,2,1
503,0,1.0,0,0.0,0,13,0.0,0.0,3.0,2,1,0,0,0.0,2.5,0.0,0,0.0,0,0,0,1,1.0,1.0,1.0,2,0,1
504,0,6.0,0,0.0,5,4,0.0,0.0,3.0,0,1,0,0,0.0,2.5,0.0,0,0.0,6,0,1,1,1.0,1.0,1.0,2,1,1
505,0,1.0,0,0.0,0,3,0.0,0.0,3.0,0,1,0,0,1.0,2.5,0.0,0,0.0,2,0,0,1,1.0,1.0,1.0,1,1,3
506,0,2.0,1,0.0,0,0,0.0,0.0,6.0,0,1,0,0,2.0,2.5,2.5,0,0.0,6,0,0,1,1.0,1.0,1.0,1,2,1
507,0,6.0,0,4.0,4,14,0.0,0.0,7.0,1,1,0,1,0.0,2.5,0.0,0,0.0,4,0,0,1,1.0,1.0,1.0,2,2,3
508,1,2.0,0,8.125,0,13,0.0,2.0,7.0,3,1,0,0,1.0,2.5,0.0,0,0.0,2,2,1,1,1.0,1.0,1.0,1,1,0
509,0,3.0,0,4.0,0,6,0.0,7.5,2.0,0,10,0,0,0.0,2.5,2.5,0,0.0,1,0,0,2,1.0,1.0,1.0,1,1,2
510,0,1.0,0,0.0,0,1,0.0,0.0,1.0,2,1,0,0,1.0,2.5,0.0,0,0.0,1,0,0,1,1.0,1.0,1.0,1,1,1
511,0,1.0,0,0.0,0,13,0.0,0.0,7.0,0,5,8,0,0.0,2.5,0.0,0,0.0,0,0,0,1,1.0,1.0,1.0,2,2,1
512,0,3.0,1,2.0,3,6,0.0,3.0,2.0,0,1,0,0,1.0,2.0,0.0,0,1.0,5,2,0,2,1.0,1.0,1.0,1,1,0
513,0,1.0,1,0.0,5,6,0.0,0.0,3.0,0,1,0,0,0.0,2.5,1.0,1,0.0,1,0,1,1,1.0,1.0,1.0,1,2,1
514,0,1.0,0,0.0,5,6,0.0,0.0,2.0,0,1,0,0,2.0,2.5,1.0,1,0.0,1,0,1,1,1.0,1.0,1.0,1,2,1
515,0,1.0,0,0.0,6,6,0.0,0.0,3.0,0,1,0,0,0.0,2.5,1.0,1,0.0,3,0,1,0,1.0,1.0,1.0,1,1,1
516,1,1.0,0,0.0,5,6,0.0,0.0,3.0,0,1,0,0,2.5,2.5,1.0,1,0.0,3,0,1,1,1.0,1.0,1.0,1,2,1
517,0,1.0,0,0.0,5,6,0.0,0.0,2.0,1,1,0,0,0.0,2.0,1.0,1,0.0,5,0,1,2,1.0,1.0,1.0,1,2,1
518,0,2.0,0,0.0,5,6,0.0,0.0,4.0,0,1,0,0,1.0,2.5,1.0,1,0.0,1,0,1,1,1.0,1.0,1.0,1,2,1
519,1,3.0,0,0.0,5,6,0.0,0.0,3.0,0,1,0,0,0.0,2.5,1.0,1,0.0,1,0,1,2,1.0,1.0,1.0,1,1,1
520,0,1.0,0,0.0,6,6,0.0,0.0,3.0,0,1,5,0,1.0,2.5,1.0,1,0.0,1,0,1,2,1.0,1.0,1.0,1,2,1
521,1,2.0,0,1.0,1,11,0.0,7.5,2.0,1,9,5,0,1.0,2.5,2.5,1,2.5,0,1,0,1,1.0,1.0,1.0,2,2,3
522,1,5.0,0,6.0,6,8,0.0,4.0,4.0,3,9,3,1,1.0,2.5,1.0,0,2.5,5,1,0,0,1.0,1.0,1.0,1,1,1
523,1,1.0,0,5.0,5,5,0.0,3.0,3.0,1,8,6,0,0.0,2.5,1.0,1,1.0,5,2,0,2,1.0,1.0,1.0,1,2,3
524,0,1.0,1,0.0,5,6,0.0,0.0,2.0,1,1,0,0,1.0,2.5,1.0,1,0.0,0,0,1,2,1.0,1.0,1.0,1,2,1
525,0,1.0,1,0.0,0,6,0.0,0.0,2.0,0,1,0,0,1.0,2.5,1.0,1,0.0,1,0,1,2,1.0,1.0,1.0,1,2,1
526,0,2.0,0,0.0,5,8,0.0,1.0,3.0,1,1,0,0,0.0,2.5,1.0,1,0.0,1,0,1,2,1.0,1.0,1.0,1,2,1
527,0,1.0,0,0.0,5,6,0.0,0.0,2.0,0,1,0,0,0.0,2.0,1.0,1,0.0,1,0,0,2,1.0,1.0,1.0,1,1,1
528,0,1.0,0,0.0,5,6,0.0,0.0,2.0,0,1,3,1,0.0,2.0,1.0,1,0.0,1,0,0,2,1.0,1.0,1.0,1,2,1
529,0,1.0,1,1.0,5,6,0.0,0.0,2.0,0,1,5,1,0.0,2.0,1.0,1,0.0,1,0,0,2,1.0,1.0,1.0,1,1,1
530,0,1.0,0,1.0,5,6,0.0,0.0,3.0,0,1,0,0,0.0,2.5,1.0,1,0.0,0,0,0,2,1.0,1.0,1.0,2,1,1
531,0,1.0,0,3.0,5,6,0.0,0.0,1.0,1,1,0,0,0.0,1.0,1.0,1,0.0,1,0,1,2,1.0,1.0,1.0,1,2,1
532,0,1.0,0,0.0,5,6,0.0,0.0,2.0,0,1,0,0,0.0,2.0,1.0,1,0.0,5,0,1,2,1.0,1.0,1.0,2,2,1
533,0,1.0,0,4.0,5,6,0.0,2.0,4.0,0,1,0,0,1.0,2.5,1.0,1,0.0,1,0,1,2,1.0,1.0,1.0,2,1,1
534,0,1.0,0,1.0,0,6,0.0,0.0,2.0,1,1,0,1,0.0,2.0,1.0,1,0.0,3,0,1,0,1.0,1.0,1.0,2,2,1
535,0,2.0,0,5.0,1,7,0.0,5.0,5.0,1,5,1,0,1.0,2.5,1.0,0,2.5,0,1,1,1,1.0,1.0,1.0,2,2,0
536,1,2.0,1,8.0,5,0,0.0,1.0,4.0,1,6,4,1,2.0,2.5,0.0,0,2.5,5,1,0,1,1.0,1.0,1.0,1,1,1
537,0,5.0,0,7.0,0,8,0.0,6.0,6.0,0,5,7,1,0.0,2.5,2.5,1,2.5,2,1,0,1,1.0,1.0,1.0,1,1,1
538,1,1.0,1,5.0,0,3,0.0,3.0,2.0,0,0,4,0,1.0,2.5,1.0,1,1.0,1,2,1,1,1.0,1.0,1.0,0,1,2
539,1,5.0,0,4.0,0,1,0.0,7.5,2.0,0,6,0,0,0.0,2.0,0.0,1,1.0,5,1,0,2,1.0,1.0,1.0,2,0,2
540,0,5.0,0,1.0,6,10,0.0,7.5,3.0,3,4,7,0,0.0,2.5,2.5,1,2.5,0,2,0,2,1.0,1.0,1.0,0,1,3
541,0,2.0,0,1.0,0,6,0.0,7.5,3.0,1,4,4,1,2.5,2.5,2.0,1,2.5,6,2,1,2,1.0,1.0,1.0,1,1,1
542,1,0.0,1,5.0,6,9,0.0,3.0,2.0,1,6,5,0,0.0,2.0,0.0,0,2.5,3,2,0,1,1.0,1.0,1.0,0,1,3
543,0,0.0,1,1.0,0,3,0.0,2.0,4.0,3,2,6,0,0.0,2.5,1.0,0,2.5,6,2,0,1,1.0,1.0,1.0,0,1,1
544,1,6.0,0,3.0,1,14,0.0,0.0,5.0,0,2,0,0,0.0,2.5,1.0,1,0.0,6,0,0,0,1.0,1.0,1.0,2,0,3
545,1,2.0,0,8.125,5,9,0.0,0.0,2.0,2,2,1,0,0.0,2.0,1.0,1,0.0,3,0,0,0,1.0,1.0,1.0,0,2,3
546,0,1.0,0,0.0,0,2,0.0,4.0,2.0,0,1,0,0,2.5,2.5,0.0,1,0.0,2,0,0,0,1.0,1.0,1.0,2,1,2
547,0,1.0,0,1.0,1,1,0.0,0.0,3.0,2,11,1,1,0.0,2.5,1.0,1,0.0,2,0,0,2,1.0,1.0,1.0,2,2,1
548,1,1.0,0,4.0,4,5,0.0,0.0,1.0,2,1,5,0,0.0,1.0,1.0,1,0.0,1,0,0,1,1.0,1.0,1.0,1,0,2
549,0,1.0,0,0.0,0,14,0.0,0.0,4.0,2,1,8,0,0.0,2.5,1.0,1,0.0,6,0,0,1,1.0,1.0,1.0,1,1,1
550,1,2.0,1,1.0,6,13,0.0,1.0,4.0,0,1,0,0,0.0,2.5,1.0,1,0.0,1,0,0,1,1.0,1.0,1.0,2,1,1
551,0,1.0,0,0.0,5,8,0.0,0.0,4.0,2,1,4,0,0.0,2.5,1.0,1,0.0,0,0,0,1,1.0,1.0,1.0,2,1,2
552,0,1.0,0,1.0,5,6,0.0,0.0,2.0,1,1,0,0,1.0,2.5,2.0,1,0.0,1,0,0,1,1.0,1.0,1.0,2,1,1
553,1,2.0,0,0.0,6,1,0.0,0.0,3.0,0,1,0,0,0.0,2.5,2.5,1,0.0,1,0,0,1,1.0,1.0,1.0,2,1,2
554,0,5.0,0,2.0,1,6,0.0,0.0,4.0,0,1,0,0,0.0,2.5,2.0,1,0.0,1,1,1,1,1.0,1.0,1.0,1,1,2
555,0,3.0,0,1.0,0,14,0.0,0.0,3.0,0,1,0,1,0.0,2.5,0.0,1,0.0,1,2,1,1,1.0,1.0,1.0,1,1,1
556,0,1.0,0,1.0,5,0,0.0,4.0,3.0,1,1,0,0,0.0,2.5,1.0,1,0.0,0,1,0,2,1.0,1.0,1.0,2,2,2
557,0,1.0,0,8.125,4,6,0.0,4.0,3.0,1,1,0,0,0.0,2.5,1.0,1,0.0,0,1,0,2,1.0,1.0,1.0,2,2,1
558,1,5.0,0,3.0,6,10,0.0,6.0,3.0,1,9,3,0,0.0,2.5,1.0,1,1.0,0,2,1,1,1.0,1.0,1.0,1,1,1
559,1,4.0,0,7.0,5,3,0.0,7.5,4.0,0,6,2,0,2.0,2.5,1.0,1,1.0,4,2,0,2,1.0,1.0,1.0,1,1,3
560,0,1.0,0,0.0,1,8,0.0,0.0,2.0,2,1,7,0,0.0,2.0,1.0,1,0.0,1,2,0,2,1.0,1.0,1.0,0,2,0
561,0,1.0,0,0.0,5,7,0.0,0.0,2.0,0,1,3,0,0.0,2.0,1.0,1,0.0,1,2,0,2,1.0,1.0,1.0,1,0,0
562,0,1.0,1,1.0,1,0,0.0,0.0,2.0,1,1,0,0,2.5,2.5,1.0,1,0.0,2,2,1,2,1.0,1.0,1.0,2,0,0
563,1,1.0,0,0.0,0,4,0.0,0.0,3.0,2,1,7,0,0.0,2.5,1.0,1,0.0,1,2,1,1,1.0,1.0,1.0,2,0,0
564,0,1.0,0,8.125,1,0,0.0,0.0,2.0,2,0,0,0,0.0,2.5,1.0,1,0.0,1,2,0,2,1.0,1.0,1.0,1,1,2
565,1,6.0,0,3.0,6,10,0.0,0.0,2.0,2,2,0,0,0.0,2.5,1.0,1,0.0,6,0,0,0,1.0,1.0,1.0,1,0,1
566,1,2.0,1,8.125,5,1,0.0,0.0,3.0,2,7,0,0,0.0,2.0,1.0,1,0.0,3,0,0,0,1.0,1.0,1.0,1,0,0
567,0,1.0,0,1.0,0,9,0.0,0.0,4.0,0,6,1,0,2.5,2.5,1.0,1,0.0,1,2,0,0,1.0,1.0,1.0,1,1,1
568,0,1.0,0,1.0,0,3,0.0,1.0,6.0,2,1,1,0,0.0,2.5,1.0,1,0.0,6,2,0,1,1.0,1.0,1.0,1,1,3
569,1,6.0,1,0.0,0,9,0.0,0.0,3.0,1,11,8,1,0.0,2.5,1.0,1,0.0,6,2,0,1,1.0,1.0,1.0,1,1,0
570,1,1.0,0,0.0,0,9,0.0,0.0,1.0,2,1,0,0,0.0,1.0,1.0,1,0.0,1,2,0,1,1.0,1.0,1.0,0,0,3
571,0,1.0,0,0.0,0,9,0.0,0.0,2.0,0,11,0,0,0.0,2.0,0.0,0,0.0,1,2,0,1,1.0,1.0,1.0,2,1,3
572,0,6.0,1,0.0,6,13,0.0,0.0,5.0,2,1,3,1,0.0,2.5,1.0,1,0.0,0,2,0,2,1.0,1.0,1.0,0,1,1
573,0,6.0,0,1.0,1,14,0.0,0.0,4.0,0,1,0,0,0.0,2.5,1.0,1,0.0,2,2,0,2,1.0,1.0,1.0,1,2,1
574,0,2.0,0,0.0,5,13,0.0,0.0,6.0,2,1,0,0,0.0,2.5,1.0,1,0.0,5,2,0,2,1.0,1.0,1.0,0,2,1
575,0,1.0,0,4.0,4,13,0.0,0.0,5.0,2,1,1,0,0.0,2.5,1.0,1,0.0,1,2,1,0,1.0,1.0,1.0,1,2,1
576,0,1.0,0,0.0,5,14,0.0,0.0,6.0,0,1,0,0,0.0,2.5,1.0,1,0.0,1,2,0,1,1.0,1.0,1.0,2,1,1
577,1,1.0,0,2.0,5,1,0.0,0.0,2.0,2,7,0,0,1.0,2.5,1.0,1,0.0,0,1,1,1,1.0,1.0,1.0,1,1,3
578,1,1.0,0,0.0,5,9,0.0,0.0,2.0,2,1,0,0,0.0,2.0,1.0,1,0.0,6,1,0,1,1.0,1.0,1.0,1,2,3
579,0,2.0,1,1.0,6,3,0.0,0.0,2.0,2,0,5,0,1.0,2.5,0.0,1,0.0,1,1,1,0,1.0,1.0,1.0,2,1,3
580,1,1.0,0,0.0,2,1,0.0,0.0,2.0,0,2,1,1,2.0,2.5,1.0,1,0.0,3,1,1,1,1.0,1.0,1.0,0,0,2
581,1,1.0,0,4.0,1,8,0.0,0.0,2.0,1,7,4,0,2.5,2.5,1.0,1,0.0,0,1,0,1,1.0,1.0,1.0,1,1,0
582,0,0.0,1,0.0,0,2,0.0,0.0,4.0,2,4,0,0,1.0,2.5,1.0,1,0.0,3,1,0,1,1.0,1.0,1.0,1,0,1
583,1,0.0,1,4.0,5,9,0.0,0.0,3.0,2,11,1,0,0.0,2.5,1.0,1,0.0,1,1,0,1,1.0,1.0,1.0,1,1,1
584,1,1.0,0,4.0,1,6,0.0,0.0,2.0,2,1,0,0,0.0,2.5,1.0,1,0.0,1,1,0,1,1.0,1.0,1.0,1,0,1
585,0,1.0,0,0.0,5,3,0.0,0.0,2.0,2,2,0,0,0.0,2.5,1.0,1,0.0,1,1,1,1,1.0,1.0,1.0,1,1,1
586,0,1.0,0,0.0,5,6,0.0,0.0,3.0,1,2,5,1,1.0,2.5,1.0,1,2.5,1,1,0,2,1.0,1.0,1.0,1,1,3
587,0,1.0,0,1.0,1,9,0.0,0.0,4.0,0,9,0,0,0.0,2.5,1.0,1,0.0,1,1,0,2,1.0,1.0,1.0,2,1,2
588,0,1.0,0,0.0,0,8,0.0,0.0,5.0,0,1,3,0,2.5,2.5,1.0,1,0.0,2,1,1,2,1.0,1.0,1.0,2,2,1
589,0,2.0,1,1.0,6,5,0.0,0.0,5.0,1,1,0,0,1.0,2.5,1.0,0,0.0,3,2,1,1,1.0,1.0,1.0,2,1,0
590,0,2.0,0,8.125,6,4,0.0,4.0,2.0,2,1,0,0,2.0,2.5,0.0,0,0.0,6,2,1,1,1.0,1.0,1.0,1,1,0
591,0,1.0,0,0.0,0,0,0.0,0.0,4.0,2,1,0,0,0.0,2.5,0.0,0,0.0,6,2,1,1,1.0,1.0,1.0,2,1,0
592,1,1.0,0,3.0,0,4,0.0,0.0,3.0,2,0,0,0,0.0,2.5,0.0,0,0.0,1,0,0,0,1.0,1.0,1.0,1,1,0
593,1,3.0,0,0.0,1,4,0.0,0.0,1.0,0,3,0,0,0.0,2.5,0.0,0,0.0,5,0,0,1,1.0,1.0,1.0,1,1,0
594,0,0.0,0,1.0,1,0,0.0,0.0,5.0,1,0,0,0,0.0,2.5,0.0,0,2.5,0,0,0,1,1.0,1.0,1.0,2,0,0
595,0,0.0,0,0.0,0,0,0.0,7.5,3.0,0,11,3,1,0.0,2.5,0.0,0,0.0,0,0,0,1,1.0,1.0,1.0,2,0,0
596,1,6.0,0,0.0,6,0,0.0,7.5,4.0,2,3,0,0,0.0,2.5,0.0,0,0.0,6,2,0,1,1.0,1.0,1.0,1,0,0
597,0,1.0,0,0.0,0,0,0.0,0.0,3.0,0,3,0,0,1.0,2.5,0.0,0,0.0,2,1,0,1,1.0,1.0,1.0,1,0,0
598,1,1.0,0,0.0,0,4,0.0,0.0,3.0,2,3,0,0,1.0,2.5,0.0,0,0.0,2,2,1,1,1.0,1.0,1.0,2,2,0
599,1,1.0,0,0.0,0,8,0.0,0.0,3.0,2,0,5,0,0.0,2.0,0.0,0,0.0,1,0,0,1,1.0,1.0,1.0,1,0,0
600,1,1.0,0,1.0,1,0,0.0,0.0,4.0,2,0,5,0,0.0,2.5,0.0,0,0.0,1,2,0,1,1.0,1.0,1.0,1,1,0
601,0,1.0,0,0.0,5,0,0.0,0.0,6.0,0,0,4,0,0.0,2.5,0.0,0,0.0,1,0,0,1,1.0,1.0,1.0,2,1,0
602,0,1.0,1,1.0,0,3,0.0,0.0,2.0,2,9,0,0,0.0,2.5,1.0,1,0.0,0,1,0,2,1.0,1.0,1.0,2,2,2
603,0,0.0,1,4.0,5,6,0.0,0.0,5.0,0,1,0,0,0.0,2.5,1.0,1,0.0,2,1,1,1,1.0,1.0,1.0,1,0,1
604,1,1.0,0,1.0,1,6,0.0,0.0,3.0,2,2,0,0,2.0,2.5,1.0,1,0.0,2,1,1,1,1.0,1.0,1.0,2,1,1
605,1,5.0,0,4.0,4,6,0.0,2.0,3.0,0,9,5,1,1.0,2.5,1.0,1,0.0,1,1,0,1,1.0,1.0,1.0,1,0,2
606,0,1.0,0,1.0,5,8,0.0,0.0,6.0,1,3,0,0,0.0,2.5,1.0,1,2.5,1,1,0,1,1.0,1.0,1.0,0,0,3
607,0,1.0,0,0.0,5,12,0.0,0.0,3.0,2,1,0,0,0.0,2.5,1.0,1,0.0,6,1,0,1,1.0,1.0,1.0,0,1,1
608,0,1.0,0,0.0,0,2,0.0,7.5,5.0,0,9,7,0,2.5,2.5,1.0,1,2.5,1,1,0,1,1.0,1.0,1.0,1,1,1
609,0,1.0,0,0.0,0,6,0.0,0.0,5.0,1,1,0,0,0.0,2.5,1.0,1,2.5,1,1,1,1,1.0,1.0,1.0,1,1,3
610,0,1.0,0,6.0,5,6,0.0,0.0,3.0,0,2,0,0,0.0,2.5,1.0,1,0.0,6,1,0,1,1.0,1.0,1.0,1,0,1
611,0,1.0,0,0.0,0,6,0.0,0.0,4.0,0,2,0,0,0.0,2.5,1.0,1,0.0,0,1,0,1,1.0,1.0,1.0,1,1,1
612,0,6.0,0,1.0,0,6,0.0,0.0,3.0,0,1,4,0,0.0,2.5,1.0,1,2.5,1,1,0,1,1.0,1.0,1.0,1,0,1
613,0,1.0,0,0.0,0,6,0.0,0.0,3.0,0,1,1,0,0.0,2.5,1.0,1,2.5,0,1,1,0,1.0,1.0,1.0,1,0,1
614,1,0.0,0,0.0,6,8,0.0,2.0,2.0,2,0,0,0,2.5,2.5,1.0,1,0.0,1,1,0,1,1.0,1.0,1.0,1,1,1
615,1,0.0,1,3.0,3,5,0.0,0.0,4.0,1,1,5,0,2.0,2.5,1.0,1,0.0,1,1,1,1,1.0,1.0,1.0,1,1,3
616,1,2.0,0,4.0,4,0,0.0,0.0,6.0,2,0,0,1,0.0,2.5,1.0,1,0.0,0,1,0,0,1.0,1.0,1.0,1,1,3
617,0,1.0,0,1.0,0,3,0.0,0.0,4.0,0,7,5,1,1.0,2.5,1.0,1,0.0,0,1,1,0,1.0,1.0,1.0,1,1,3
618,1,1.0,0,1.0,1,6,0.0,2.0,2.0,2,1,0,1,1.0,2.5,1.0,1,2.5,1,1,0,1,1.0,1.0,1.0,1,1,1
619,0,1.0,0,1.0,3,6,0.0,0.0,3.0,0,1,0,0,0.0,2.5,1.0,1,0.0,1,1,0,1,1.0,1.0,1.0,1,1,3
620,1,6.0,0,0.0,5,3,0.0,0.0,2.0,0,1,0,0,0.0,2.5,1.0,1,0.0,1,1,1,1,1.0,1.0,1.0,1,1,1
621,0,1.0,0,0.0,5,0,0.0,0.0,3.0,1,0,0,0,0.0,2.5,1.0,1,2.5,0,1,0,0,1.0,1.0,1.0,1,1,1
622,0,1.0,0,1.0,4,8,0.0,0.0,4.0,0,9,0,0,0.0,2.5,1.0,1,1.0,1,1,0,1,1.0,1.0,1.0,2,2,3
623,1,5.0,1,4.0,4,5,0.0,7.5,3.0,2,1,0,1,0.0,2.5,1.0,1,1.0,5,1,0,1,1.0,1.0,1.0,2,1,0
624,1,1.0,0,4.0,4,5,0.0,0.0,4.0,2,1,0,0,0.0,2.5,2.5,1,0.0,0,1,0,1,1.0,1.0,1.0,1,1,2
625,1,3.0,0,4.0,4,5,0.0,1.0,2.0,0,1,0,1,0.0,2.0,2.5,1,2.5,0,1,1,1,1.0,1.0,1.0,1,1,1
626,1,3.0,0,4.0,4,12,0.0,7.5,3.0,0,1,0,0,0.0,2.5,1.0,1,0.0,0,1,0,1,1.0,1.0,1.0,1,1,3
627,1,2.0,1,2.0,6,13,0.0,0.0,3.0,1,9,3,0,0.0,2.5,1.0,1,1.0,2,2,0,2,1.0,1.0,1.0,2,2,0
628,0,3.0,0,1.0,6,3,0.0,0.0,2.0,1,2,0,0,1.0,2.5,2.5,0,2.5,5,2,0,1,1.0,1.0,1.0,1,1,3
629,1,5.0,1,8.125,6,3,0.0,7.5,7.0,0,9,2,0,0.0,2.5,2.0,0,2.5,2,2,1,1,1.0,1.0,1.0,0,0,3
630,0,3.0,1,5.0,5,13,0.0,0.0,3.0,0,1,7,0,1.0,2.5,0.0,0,1.0,0,2,1,1,1.0,1.0,1.0,2,2,1
631,0,6.0,0,1.0,6,0,0.0,0.0,2.0,2,2,0,0,0.0,2.0,1.0,1,0.0,6,0,0,0,1.0,1.0,1.0,2,2,3
632,1,2.0,0,8.125,5,9,0.0,0.0,3.0,2,2,0,0,0.0,2.0,1.0,1,0.0,2,0,0,0,1.0,1.0,1.0,1,0,3
633,0,1.0,0,1.0,0,9,0.0,7.5,4.0,0,6,1,0,2.5,2.5,1.0,1,0.0,1,1,0,0,1.0,1.0,1.0,1,1,3
634,1,6.0,1,1.0,0,9,0.0,0.0,4.0,2,1,0,0,0.0,2.5,1.0,1,0.0,1,0,0,0,1.0,1.0,1.0,1,1,3
635,1,1.0,0,1.0,2,3,0.0,1.0,6.0,2,1,3,0,0.0,2.5,1.0,1,0.0,6,0,0,1,1.0,1.0,1.0,1,2,3
636,0,1.0,0,1.0,0,9,0.0,0.0,6.0,2,1,0,0,0.0,2.5,1.0,1,0.0,1,0,0,1,1.0,1.0,1.0,1,1,3
637,0,1.0,0,0.0,0,3,0.0,2.0,4.0,2,8,0,0,0.0,2.5,1.0,1,0.0,1,0,0,1,1.0,1.0,1.0,1,2,3
638,0,1.0,0,0.0,0,3,0.0,0.0,4.0,2,6,0,0,0.0,2.5,1.0,1,0.0,1,0,0,1,1.0,1.0,1.0,2,1,3
639,1,1.0,0,8.125,6,3,0.0,0.0,3.0,2,1,0,0,0.0,2.5,1.0,1,0.0,0,0,1,1,1.0,1.0,1.0,1,1,3
640,1,1.0,0,6.0,6,3,0.0,0.0,3.0,0,1,0,0,0.0,2.5,1.0,1,0.0,2,0,0,1,1.0,1.0,1.0,1,1,3
641,1,1.0,0,8.125,0,6,0.0,0.0,3.0,2,1,3,0,1.0,2.5,1.0,1,0.0,5,0,0,1,1.0,1.0,1.0,1,0,3
642,0,1.0,0,8.125,6,11,0.0,0.0,3.0,0,9,0,0,0.0,2.5,1.0,1,0.0,5,0,1,1,1.0,1.0,1.0,2,2,3
643,1,2.0,1,1.0,6,1,0.0,0.0,2.0,0,1,5,0,0.0,2.0,0.0,0,2.5,3,1,0,1,1.0,1.0,1.0,1,2,1
644,0,1.0,0,8.125,6,3,0.0,2.0,3.0,0,6,3,0,1.0,2.5,2.5,1,1.0,0,1,0,2,1.0,1.0,1.0,1,1,2
645,0,0.0,1,3.0,6,1,0.0,0.0,3.0,1,6,7,0,1.0,2.5,0.0,0,1.0,0,2,1,2,1.0,1.0,1.0,2,1,2
646,0,1.0,1,7.0,5,3,0.0,7.0,2.0,1,1,4,1,1.0,2.5,2.0,1,2.5,5,2,0,1,1.0,1.0,1.0,1,1,1
647,1,1.0,1,1.0,6,13,0.0,0.0,1.0,0,2,6,0,2.0,2.5,1.0,1,2.5,0,1,0,1,1.0,1.0,1.0,1,2,1
648,0,4.0,0,4.0,4,0,0.0,7.0,6.0,0,0,2,0,1.0,2.5,2.5,0,2.5,4,2,1,1,1.0,1.0,1.0,1,1,1
649,0,2.0,1,7.0,5,4,0.0,7.5,1.0,0,8,3,1,1.0,2.0,1.0,0,2.5,3,2,0,1,1.0,1.0,1.0,1,1,1
650,1,0.0,1,1.0,1,10,0.0,7.5,2.0,1,1,5,0,1.0,2.5,1.0,1,2.5,3,2,0,0,1.0,1.0,1.0,2,2,1
651,0,5.0,0,1.0,5,8,0.0,7.5,2.0,2,0,6,0,0.0,2.0,2.5,1,2.5,2,2,1,1,1.0,1.0,1.0,2,2,1
652,0,5.0,0,6.0,6,8,0.0,1.0,4.0,1,2,5,0,2.0,2.5,0.0,0,2.5,2,1,1,2,1.0,1.0,1.0,1,2,1
653,0,2.0,1,5.0,0,0,0.0,3.0,2.0,0,3,0,0,0.0,2.0,1.0,0,1.0,0,2,0,1,1.0,1.0,1.0,1,1,1
654,0,1.0,0,1.0,6,1,0.0,7.5,4.0,0,1,7,0,1.0,2.5,2.5,1,2.5,0,2,0,2,1.0,1.0,1.0,0,0,2
655,1,6.0,1,8.125,5,3,0.0,7.0,3.0,0,6,7,0,1.0,2.5,1.0,1,2.5,2,2,1,1,1.0,1.0,1.0,1,1,3
656,1,1.0,0,0.0,0,0,0.0,0.0,3.0,1,2,0,0,0.0,2.5,0.0,0,2.5,5,1,0,2,1.0,1.0,1.0,2,2,0
657,0,1.0,0,0.0,0,0,0.0,3.0,2.0,0,0,5,0,0.0,2.0,0.0,0,0.0,1,2,0,1,1.0,1.0,1.0,2,0,0
658,1,1.0,0,5.0,5,8,0.0,7.5,3.0,0,9,7,0,0.0,2.5,0.0,0,2.5,1,1,0,1,1.0,1.0,1.0,1,1,0
659,1,6.0,0,0.0,5,8,0.0,1.0,2.0,0,11,6,1,1.0,2.5,2.5,1,2.5,2,2,0,0,1.0,1.0,1.0,1,1,0
660,1,2.0,0,1.0,5,3,0.0,3.0,4.0,0,6,5,0,2.0,2.5,0.0,0,2.5,1,1,1,1,1.0,1.0,1.0,2,1,1
661,0,1.0,0,1.0,5,13,0.0,0.0,3.0,1,1,0,0,0.0,2.5,1.0,1,0.0,2,0,0,1,1.0,1.0,1.0,1,1,1
662,0,5.0,0,0.0,5,13,0.0,0.0,4.0,1,1,0,0,0.0,2.5,1.0,1,0.0,1,0,0,1,1.0,1.0,1.0,1,2,1
663,0,1.0,0,0.0,0,13,0.0,7.5,2.0,0,1,4,1,1.0,2.5,1.0,1,0.0,1,0,0,2,1.0,1.0,1.0,1,1,1
664,0,1.0,1,0.0,5,6,0.0,0.0,3.0,0,1,0,0,0.0,2.5,1.0,1,0.0,2,1,0,1,1.0,1.0,1.0,1,1,1
665,1,1.0,0,0.0,0,13,0.0,1.0,5.0,1,1,7,0,1.0,2.5,1.0,1,0.0,2,1,1,1,1.0,1.0,1.0,1,2,1
666,1,1.0,1,4.0,6,6,0.0,0.0,3.0,1,1,7,0,2.0,2.5,1.0,1,0.0,6,1,0,1,1.0,1.0,1.0,0,2,1
667,0,5.0,1,4.0,4,13,0.0,2.0,2.0,0,1,0,0,0.0,2.0,1.0,1,0.0,2,1,0,2,1.0,1.0,1.0,0,1,1
668,1,1.0,0,1.0,5,6,0.0,7.5,7.0,1,1,0,0,0.0,2.5,1.0,1,0.0,1,1,0,2,1.0,1.0,1.0,0,1,1
669,1,4.0,1,3.0,3,8,0.0,0.0,3.0,0,8,6,0,0.0,2.5,1.0,1,0.0,0,0,0,1,1.0,1.0,1.0,1,1,1
670,0,1.0,0,1.0,5,4,0.0,4.0,4.0,1,0,0,0,0.0,2.5,0.0,0,2.5,1,0,0,1,1.0,1.0,1.0,2,2,0
671,1,1.0,0,0.0,5,1,0.0,1.0,2.0,2,1,0,0,0.0,2.0,2.5,0,2.5,1,0,1,0,1.0,1.0,1.0,2,1,0
672,0,0.0,1,5.0,6,1,0.0,1.0,1.0,1,6,7,1,1.0,2.5,1.0,1,2.5,2,1,1,1,1.0,1.0,1.0,2,2,0
673,1,2.0,1,5.0,6,2,0.0,7.5,1.0,0,8,6,1,0.0,1.0,2.5,0,2.5,5,2,0,2,1.0,1.0,1.0,1,1,0
674,0,1.0,1,0.0,5,1,0.0,7.5,2.0,0,1,7,0,0.0,2.0,1.0,0,2.5,1,2,1,2,1.0,1.0,1.0,2,2,0
675,0,3.0,1,1.0,6,13,0.0,7.5,3.0,1,1,0,0,2.5,2.5,2.0,1,2.5,3,0,0,2,1.0,1.0,1.0,2,0,0
676,0,1.0,1,0.0,5,5,0.0,2.0,4.0,1,4,0,0,1.0,2.5,2.5,0,2.5,2,2,1,2,1.0,1.0,1.0,1,1,1
677,0,6.0,0,8.125,7,14,0.0,7.0,7.0,3,7,6,1,2.0,2.5,2.0,1,2.5,3,2,0,2,1.0,1.0,1.0,0,0,1
678,1,3.0,1,1.0,5,1,0.0,7.5,2.0,3,9,5,0,2.5,2.5,2.5,1,2.5,1,2,1,2,1.0,1.0,1.0,0,0,1
679,1,2.0,1,1.0,5,0,0.0,2.0,3.0,0,2,0,1,0.0,2.5,0.0,1,2.5,1,0,0,1,1.0,1.0,1.0,1,1,1
680,1,1.0,0,7.0,1,6,0.0,2.0,4.0,0,1,0,0,0.0,2.5,1.0,1,0.0,1,0,0,1,1.0,1.0,1.0,2,1,1
681,1,0.0,1,1.0,6,13,0.0,2.0,2.0,3,5,0,0,0.0,2.5,1.0,1,2.5,2,0,0,1,1.0,1.0,1.0,0,1,1
682,0,3.0,1,5.0,7,7,0.0,3.0,3.0,0,0,0,0,0.0,2.5,1.0,1,2.5,1,0,0,1,1.0,1.0,1.0,0,2,1
683,0,2.0,0,4.0,5,12,0.0,1.0,4.0,1,1,5,0,0.0,2.5,2.5,1,2.5,2,0,0,1,1.0,1.0,1.0,2,2,1
684,0,1.0,1,0.0,5,6,0.0,2.0,3.0,1,1,0,0,0.0,2.5,1.0,1,2.5,0,2,0,1,1.0,1.0,1.0,1,1,3
685,0,5.0,0,8.125,6,7,0.0,7.5,7.0,0,7,5,0,0.0,2.5,0.0,0,2.5,1,1,1,1,1.0,1.0,1.0,1,1,0
686,0,1.0,1,7.0,6,5,0.0,0.0,2.0,0,1,0,0,1.0,2.5,2.5,1,0.0,1,0,1,2,1.0,1.0,1.0,2,2,0
687,1,1.0,0,4.0,6,1,0.0,4.0,1.0,2,1,0,0,1.0,1.0,2.5,0,0.0,1,0,1,0,1.0,1.0,1.0,1,1,0
688,1,6.0,0,0.0,0,0,0.0,3.0,2.0,1,1,0,0,0.0,2.0,0.0,0,1.0,1,0,0,2,1.0,1.0,1.0,2,1,0
689,1,1.0,0,3.0,0,1,0.0,3.0,3.0,1,6,6,0,0.0,2.5,1.0,1,1.0,2,2,0,2,1.0,1.0,1.0,1,2,0
690,0,1.0,0,0.0,2,4,0.0,0.0,2.0,1,0,7,0,0.0,2.5,0.0,0,0.0,1,0,0,2,1.0,1.0,1.0,1,2,0
691,0,0.0,0,7.0,0,6,0.0,4.0,2.0,0,7,1,0,1.0,2.5,0.0,0,0.0,3,1,1,2,1.0,1.0,1.0,2,2,1
692,0,5.0,1,4.0,0,1,0.0,0.0,5.0,0,1,0,0,0.0,2.5,0.0,0,0.0,6,2,1,2,1.0,1.0,1.0,2,2,1
693,1,2.0,1,2.0,6,1,0.0,3.0,2.0,1,9,7,0,0.0,2.5,0.0,0,0.0,0,2,0,2,1.0,1.0,1.0,0,2,1
694,0,0.0,1,0.0,0,14,0.0,2.0,2.0,0,10,3,0,0.0,2.5,0.0,0,0.0,0,2,0,1,1.0,1.0,1.0,1,1,2
695,0,1.0,0,0.0,5,13,0.0,0.0,3.0,3,1,0,0,0.0,2.5,1.0,1,0.0,1,2,0,1,1.0,1.0,1.0,1,1,1
696,1,1.0,0,0.0,0,8,0.0,0.0,2.0,2,9,0,0,0.0,2.0,0.0,0,0.0,1,0,0,2,1.0,1.0,1.0,1,1,1
697,0,3.0,0,0.0,5,3,0.0,1.0,2.0,0,6,0,0,0.0,2.5,1.0,1,2.5,5,1,1,1,1.0,1.0,1.0,1,1,3
698,0,1.0,0,0.0,6,6,0.0,7.5,3.0,0,0,5,0,0.0,2.5,2.5,0,0.0,1,1,0,1,1.0,1.0,1.0,2,1,0
699,0,5.0,1,4.0,0,5,0.0,2.0,2.0,0,1,0,0,1.0,2.0,0.0,0,0.0,1,0,1,1,1.0,1.0,1.0,2,1,1
700,0,1.0,1,4.0,0,3,0.0,0.0,5.0,0,9,5,0,0.0,2.5,0.0,0,0.0,3,0,1,1,1.0,1.0,1.0,1,1,0
701,1,6.0,1,8.125,0,2,0.0,0.0,1.0,3,6,5,0,1.0,2.0,0.0,0,0.0,3,2,1,0,1.0,1.0,1.0,1,1,0
702,1,1.0,0,0.0,0,4,0.0,0.0,2.0,0,3,0,0,0.0,2.0,0.0,0,0.0,1,0,0,1,1.0,1.0,1.0,2,2,0
703,0,2.0,0,4.0,0,5,0.0,2.0,4.0,1,2,0,0,0.0,2.5,0.0,0,0.0,1,0,0,2,1.0,1.0,1.0,2,1,0
704,1,2.0,1,5.0,6,1,0.0,0.0,3.0,3,1,0,0,1.0,2.5,0.0,0,0.0,3,0,1,1,1.0,1.0,1.0,1,2,0
705,1,5.0,1,7.0,6,8,0.0,1.0,3.0,3,11,0,0,0.0,2.5,0.0,0,2.5,0,2,0,2,1.0,1.0,1.0,1,1,0
706,0,1.0,0,0.0,0,1,0.0,3.0,3.0,0,2,0,0,0.0,2.5,0.0,0,1.0,1,1,0,1,1.0,1.0,1.0,1,1,2
707,0,2.0,0,5.0,6,8,0.0,3.0,2.0,1,11,0,0,1.0,2.5,0.0,0,1.0,1,0,0,1,1.0,1.0,1.0,2,1,0
708,0,5.0,1,4.0,7,1,0.0,3.0,2.0,0,0,5,0,1.0,2.5,0.0,0,1.0,1,0,1,1,1.0,1.0,1.0,2,2,0
709,0,1.0,0,0.0,6,1,0.0,1.0,4.0,0,10,0,0,0.0,2.0,1.0,1,2.5,1,1,0,1,1.0,1.0,1.0,2,1,0
710,0,1.0,0,7.0,5,1,0.0,1.0,2.0,0,10,0,0,1.0,2.5,0.0,0,0.0,3,1,0,1,1.0,1.0,1.0,1,1,1
711,0,6.0,0,0.0,0,0,0.0,0.0,2.0,0,0,0,0,0.0,2.0,0.0,0,0.0,6,2,0,2,1.0,1.0,1.0,2,1,0
